wCount,wRows,wCols,wChls,yRows,yCols,vStride,hStride,ForLoopConv,UnrolledInputConv_rIrFrO,UnrolledInputConv_rIrFcO,UnrolledInputConv_rIfFrO,UnrolledInputConv_rIfFcO,UnrolledInputConv_cIrFrO,UnrolledInputConv_cIrFcO,UnrolledInputConv_cIfFrO,UnrolledInputConv_cIfFcO,UnrolledOutputConv,UnrolledInputImplicitInPaddingConv,UnrolledInputExplicitOutPaddingConv,UnrolledInputExplicitPaddingConv,PartiallyUnrolledInputImplicitInPaddingConv,PartiallyUnrolledInputExplicitOutPaddingConv,PartiallyUnrolledInputExplicitPaddingConv
32,3,3,3,4,4,1,1,0.0174581,0.00191185,0.00217892,0.00241709,0.00252802,0.00200266,0.00220924,0.00249674,0.0025605,0.0369467,0.00237868,0.00278232,0.00283219,0.00592143,0.00779205,0.00662278
64,3,3,3,4,4,1,1,0.0343926,0.00271707,0.00336775,0.00367145,0.00408868,0.00281909,0.00340669,0.00374844,0.00409722,0.073692,0.00360618,0.00424993,0.004351,0.00687021,0.00950914,0.00787662
128,3,3,3,4,4,1,1,0.0687947,0.00445776,0.00567408,0.00625547,0.00711389,0.00454355,0.0056888,0.00632751,0.0072648,0.146843,0.0061908,0.00754478,0.0076987,0.00876701,0.0126643,0.0102982
256,3,3,3,4,4,1,1,0.140489,0.00806244,0.0106202,0.0113797,0.0136066,0.00810294,0.0106605,0.0115596,0.0133451,0.299222,0.0113412,0.0138635,0.0140355,0.0124614,0.0194507,0.0156318
512,3,3,3,4,4,1,1,0.275179,0.0152425,0.0204449,0.021498,0.0260024,0.0153186,0.020849,0.0217685,0.0257387,0.942561,0.0214509,0.186498,0.187899,0.0214023,0.0349113,0.0282965
32,3,3,32,4,4,1,1,0.147493,0.0123429,0.0135958,0.0162117,0.0166428,0.0148721,0.015502,0.0188338,0.0188161,0.168691,0.0164826,0.019734,0.0195633,0.0137336,0.0189797,0.0159322
64,3,3,32,4,4,1,1,0.297442,0.050844,0.0613572,0.0563063,0.073551,0.0556793,0.062282,0.0580585,0.0642013,0.277162,0.0581666,0.0633794,0.0641766,0.0194772,0.0277408,0.0231439
128,3,3,32,4,4,1,1,0.592012,0.0534702,0.101461,0.0720877,0.11084,0.0749513,0.103584,0.0910249,0.107481,0.492611,0.0858664,0.0930579,0.0977708,0.0332027,0.0473216,0.0397772
256,3,3,32,4,4,1,1,1.19167,0.10879,0.131303,0.113688,0.124969,0.109553,0.123001,0.114443,0.124193,0.67659,0.107735,0.119818,0.11685,0.0602047,0.0857633,0.0717257
512,3,3,32,4,4,1,1,2.36085,0.226963,0.229157,0.219106,0.246063,0.209205,0.222321,0.231812,0.23855,0.972763,0.213584,0.21692,0.225949,0.120656,1.65099,0.844857
32,3,3,64,4,4,1,1,0.31348,0.0238686,0.0260783,0.0314446,0.032652,0.0289017,0.0300788,0.037733,0.0367134,0.197785,0.0336542,0.0395444,0.0402447,0.0226388,0.0314426,0.026356
64,3,3,64,4,4,1,1,0.613051,0.0600312,0.075861,0.0692521,0.0832362,0.0678979,0.0777726,0.0761615,0.0828912,0.287026,0.0717772,0.0849762,0.086326,0.0363557,0.050984,0.0429701
128,3,3,64,4,4,1,1,1.23153,0.0984252,0.125188,0.108249,0.126936,0.101937,0.129299,0.112613,0.134916,0.500751,0.107021,0.112867,0.111632,0.0662515,0.0900414,0.0763709
256,3,3,64,4,4,1,1,2.48756,0.133583,0.187547,0.128535,0.191791,0.132732,0.200723,0.148943,0.198255,0.706982,0.144134,0.157233,0.17307,0.121242,0.801282,0.579664
512,3,3,64,4,4,1,1,4.93382,0.277008,0.238209,0.280741,0.240269,0.279018,0.242718,0.274424,0.24777,0.991089,0.266241,0.286041,0.280741,1.67083,1.66528,1.70904
32,3,3,128,4,4,1,1,0.631629,0.0453432,0.0528765,0.0639713,0.0659196,0.056224,0.0607681,0.0752899,0.073551,0.230627,0.0699203,0.124347,0.0829187,0.0426439,0.0592698,0.0498058
64,3,3,128,4,4,1,1,1.25313,0.0907606,0.115022,0.106293,0.125282,0.106112,0.121862,0.122579,0.13459,0.30581,0.117454,0.138351,0.140805,0.0737246,0.0985804,0.0844167
128,3,3,128,4,4,1,1,2.52652,0.13245,0.163452,0.138773,0.174459,0.145943,0.174398,0.158028,0.188679,0.517857,0.146413,0.179147,0.18018,0.128304,0.426107,0.35791
256,3,3,128,4,4,1,1,5.05051,0.18284,0.245942,0.191865,0.251509,0.207641,0.265252,0.235183,0.26441,0.70922,0.213402,0.258131,0.258264,0.84317,0.89375,0.866984
512,3,3,128,4,4,1,1,10.2143,0.332171,0.301901,0.396511,0.292912,0.357398,0.331565,0.329164,0.29274,1.01833,0.319285,0.363026,0.363108,1.74045,1.72586,1.82273
32,3,3,256,4,4,1,1,1.26646,0.0956023,0.106247,0.128074,0.13312,0.117925,0.122279,0.150739,0.147885,0.24426,0.1374,0.16176,0.168634,0.0864155,0.117813,0.0999001
64,3,3,256,4,4,1,1,2.5303,0.149566,0.177936,0.180832,0.198491,0.170126,0.200481,0.206782,0.218723,0.356379,0.191718,0.249252,0.257732,0.143926,0.487805,0.258933
128,3,3,256,4,4,1,1,5.10204,0.193874,0.228206,0.217391,0.2405,0.217014,0.239808,0.237982,0.249626,0.562711,0.226244,0.273075,0.283447,0.471254,0.561798,0.519211
256,3,3,256,4,4,1,1,10.2449,0.29274,0.344525,0.291036,0.335121,0.308036,0.36075,0.317058,0.355544,0.78125,0.303951,0.356125,0.356633,0.911658,0.960653,0.920037
512,3,3,256,4,4,1,1,20.42,0.440581,0.485209,0.418269,0.492611,0.452489,0.531615,0.463822,0.502008,1.07403,0.424448,0.492857,0.518135,1.83425,1.8844,2.05225
32,3,3,512,4,4,1,1,2.54949,0.198255,0.215517,0.271138,0.269107,0.237304,0.244141,0.311526,0.2936,0.270416,0.292227,0.330251,0.345304,0.171527,0.236518,0.197394
64,3,3,512,4,4,1,1,5.07071,0.269687,0.316256,0.344288,0.359117,0.310366,0.335345,0.374532,0.37594,0.405061,0.361272,0.462338,0.473934,0.538482,0.595948,0.550605
128,3,3,512,4,4,1,1,10.175,0.303398,0.360151,0.368373,0.391236,0.356125,0.385505,0.414114,0.4095,0.555494,0.39557,0.486625,0.512551,0.773994,0.883392,0.80426
256,3,3,512,4,4,1,1,20.51,0.417711,0.473037,0.450857,0.481232,0.457457,0.516787,0.504028,0.564972,0.914534,0.489237,0.601262,0.585773,1.04707,1.20313,1.1222
512,3,3,512,4,4,1,1,40.7885,0.706921,0.577656,0.674191,0.547046,0.65703,0.74184,0.675101,0.697423,1.39276,0.63645,0.779595,0.791535,2.37322,2.50375,2.36675
32,3,3,3,8,8,1,1,0.0696185,0.006067,0.00588914,0.00651916,0.00623449,0.00501741,0.00461523,0.00548414,0.00501877,0.0751202,0.00517363,0.0064871,0.00662568,0.0132293,0.0170114,0.0150227
64,3,3,3,8,8,1,1,0.137174,0.00885285,0.00911029,0.00980046,0.0097093,0.00779484,0.00776542,0.00868086,0.00844252,0.149745,0.00840138,0.0102486,0.0104086,0.016512,0.0222549,0.0188573
128,3,3,3,8,8,1,1,0.274424,0.0145994,0.0153666,0.0161353,0.0166895,0.0135943,0.0143997,0.0150078,0.015647,0.677507,0.0147999,0.079885,0.0688137,0.0236911,0.0329337,0.0281389
256,3,3,3,8,8,1,1,0.555216,0.104384,0.108909,0.11416,0.110816,0.108342,0.112943,0.104998,0.106406,0.943396,0.107388,0.112309,0.110497,0.038959,0.0545732,0.0462663
512,3,3,3,8,8,1,1,1.10242,0.212404,0.202758,0.21777,0.226471,0.202429,0.197785,0.203998,0.197785,1.43894,0.205508,0.218055,0.207246,0.071541,0.101916,0.0865202
32,3,3,32,8,8,1,1,0.590909,0.0748727,0.0704027,0.0798722,0.0733568,0.0770416,0.0700182,0.079139,0.0706614,0.299193,0.0765697,0.114969,0.109314,0.0477555,0.0633553,0.0575175
64,3,3,32,8,8,1,1,1.19048,0.0875964,0.0910415,0.0927816,0.0907441,0.090876,0.0892857,0.0973331,0.0914746,0.514933,0.0875503,0.125188,0.121183,0.0616143,0.0777484,0.0699203
128,3,3,32,8,8,1,1,2.35967,0.131648,0.147362,0.137287,0.150557,0.143184,0.140331,0.141203,0.148104,0.70922,0.136836,0.154273,0.147973,0.101626,0.517322,0.511771
256,3,3,32,8,8,1,1,4.81731,0.205086,0.227273,0.214961,0.232126,0.21322,0.23245,0.228102,0.225836,1.01061,0.207727,0.242483,0.240038,0.94839,0.95381,0.976563
512,3,3,32,8,8,1,1,9.43868,0.268962,0.273673,0.275028,0.269687,0.269397,0.280409,0.267953,0.268097,1.50678,0.282449,0.30355,0.275634,1.99206,2.05864,1.85055
32,3,3,64,8,8,1,1,1.23457,0.10175,0.0938438,0.111557,0.0994629,0.113843,0.10408,0.126486,0.10929,0.301568,0.119104,0.161238,0.156152,0.0760688,0.0911245,0.08296
64,3,3,64,8,8,1,1,2.46798,0.131027,0.138236,0.142939,0.142045,0.143225,0.14497,0.153988,0.148943,0.528247,0.146284,0.18315,0.174034,0.112714,0.529365,0.487098
128,3,3,64,8,8,1,1,4.97525,0.160308,0.193349,0.178891,0.198255,0.188253,0.19478,0.190114,0.20024,0.712607,0.182349,0.217108,0.213402,0.835142,0.777174,0.709929
256,3,3,64,8,8,1,1,9.97549,0.218914,0.284738,0.237869,0.281373,0.255754,0.282326,0.270856,0.288517,1.06838,0.266667,0.309981,0.297265,1.04002,1.0735,1.02194
512,3,3,64,8,8,1,1,19.7308,0.404858,0.413295,0.354034,0.326584,0.354211,0.354787,0.371933,0.336474,1.57311,0.353607,0.417223,0.423223,2.003,1.93243,1.95508
32,3,3,128,8,8,1,1,2.51256,0.15625,0.154799,0.176803,0.162549,0.185874,0.16852,0.204834,0.179469,0.302663,0.203169,0.242954,0.242365,0.139899,0.615006,0.628769
64,3,3,128,8,8,1,1,5.0225,0.217014,0.223914,0.243072,0.240616,0.242954,0.240616,0.263992,0.249875,0.516254,0.263296,0.267237,0.259471,0.544342,0.620968,0.45045
128,3,3,128,8,8,1,1,10.07,0.242601,0.287522,0.251762,0.280899,0.258933,0.282965,0.273373,0.291861,0.755287,0.265675,0.335121,0.338295,0.860395,0.824135,0.820902
256,3,3,128,8,8,1,1,20.01,0.325945,0.380418,0.334896,0.408034,0.346741,0.399242,0.357833,0.399242,1.03734,0.349825,0.435758,0.41841,1.18765,1.0989,1.14384
512,3,3,128,8,8,1,1,40.6731,0.473722,0.595238,0.535906,0.555833,0.481232,0.592713,0.502764,0.588132,1.75175,0.502008,0.531615,0.540811,2.0376,2.04184,2.08646
32,3,3,256,8,8,1,1,5.07576,0.277162,0.279018,0.308987,0.30525,0.309215,0.295159,0.338693,0.319649,0.337779,0.347464,0.397456,0.391126,0.598385,0.707921,0.708333
64,3,3,256,8,8,1,1,10.3163,0.390016,0.394633,0.423582,0.419321,0.423223,0.422297,0.458104,0.445856,0.541983,0.462963,0.484027,0.477338,0.633714,0.774768,0.712963
128,3,3,256,8,8,1,1,20.66,0.420378,0.453721,0.44603,0.472144,0.458524,0.487573,0.490922,0.497761,0.833333,0.481696,0.578035,0.581686,1.03247,1.06436,1.01626
256,3,3,256,8,8,1,1,41.5577,0.503518,0.578035,0.54375,0.558939,0.545802,0.620658,0.557692,0.625625,1.16009,0.563698,0.674191,0.661376,1.68687,1.34906,1.39444
512,3,3,256,8,8,1,1,82.1786,0.774381,0.978474,0.748505,0.928108,0.729956,0.924214,0.745529,0.894196,2.0607,0.754902,0.925926,0.915751,2.24888,2.17391,2.24215
32,3,3,512,8,8,1,1,10.2602,0.47016,0.5,0.550661,0.548794,0.606667,0.591017,0.674191,0.635152,0.378977,0.641849,0.748503,0.746269,0.754148,0.867418,0.864421
64,3,3,512,8,8,1,1,20.45,0.697075,0.734581,0.777994,0.778383,0.821429,0.830017,0.90343,0.863558,0.671141,0.871516,0.9625,0.960653,0.974222,1.04167,0.993552
128,3,3,512,8,8,1,1,41.0577,0.77,0.823723,0.819149,0.842593,0.914077,0.937734,0.95563,0.988142,0.963873,0.913321,1.12725,1.11526,1.29199,1.33957,1.28205
256,3,3,512,8,8,1,1,81.7857,0.8625,0.974659,0.917431,0.987179,1.0352,1.0846,1.0621,1.05263,1.54,1.01061,1.25879,1.24256,1.9305,2.006,1.71661
512,3,3,512,8,8,1,1,164.25,1.20373,1.24813,1.25564,1.30273,1.24875,1.48516,1.29598,1.26835,2.49502,1.24132,1.63029,1.66667,2.75275,2.88506,2.64947
32,3,3,3,16,16,1,1,0.279018,0.0226901,0.0207917,0.0231642,0.0211927,0.0183736,0.0161629,0.0187189,0.0167056,0.534455,0.0172831,0.0195771,0.0201767,0.0424448,0.0511404,0.0461595
64,3,3,3,16,16,1,1,0.551544,0.112133,0.118596,0.11868,0.114916,0.111682,0.112133,0.119589,0.110108,0.771186,0.116686,0.132521,0.13336,0.056638,0.0683995,0.0613196
128,3,3,3,16,16,1,1,1.13093,0.132943,0.128502,0.126135,0.11956,0.121743,0.140885,0.119875,0.117925,1.09096,0.115447,0.17507,0.171703,0.0832917,0.104998,0.0923191
256,3,3,3,16,16,1,1,2.22889,0.132873,0.14806,0.134012,0.148017,0.13231,0.138735,0.129735,0.144634,1.7149,0.1241,0.222321,0.218436,0.150693,0.219684,0.187547
512,3,3,3,16,16,1,1,4.43584,0.242483,0.22779,0.253165,0.249377,0.233318,0.233645,0.243784,0.24728,3.05152,0.2405,0.273973,0.267094,1.88679,2.15021,2.0607
32,3,3,32,16,16,1,1,2.3881,0.267523,0.269251,0.281532,0.262467,0.252525,0.256016,0.263435,0.244978,0.545529,0.282167,0.275028,0.293083,0.161812,1.02041,0.909545
64,3,3,32,16,16,1,1,4.71262,0.263852,0.274876,0.275634,0.256542,0.271739,0.273673,0.285225,0.267523,0.777994,0.273523,0.284576,0.300842,0.968085,1.10187,1.10187
128,3,3,32,16,16,1,1,9.45755,0.321543,0.320879,0.326584,0.317058,0.295858,0.29656,0.3003,0.300481,1.052,0.303767,0.275482,0.269833,1.00907,1.39276,1.38712
256,3,3,32,16,16,1,1,19.0185,0.356379,0.371747,0.358166,0.366838,0.34077,0.33761,0.349406,0.339905,1.89773,0.361533,0.322165,0.327011,1.15,1.8537,1.90589
512,3,3,32,16,16,1,1,37.75,0.509165,0.540811,0.50327,0.541712,0.508901,0.553097,0.518672,0.556452,3.5,0.507868,0.512821,0.516254,2.25788,2.30046,2.27841
32,3,3,64,16,16,1,1,4.95792,0.321543,0.273224,0.328731,0.273973,0.358938,0.307692,0.369276,0.317662,0.541396,0.371195,0.367918,0.40752,0.921731,0.997012,0.99256
64,3,3,64,16,16,1,1,9.89216,0.348432,0.310366,0.356125,0.325098,0.3885,0.347947,0.415835,0.324254,0.797847,0.399042,0.394519,0.420732,1.00958,1.30744,1.0792
128,3,3,64,16,16,1,1,19.875,0.406835,0.383142,0.41841,0.387898,0.426985,0.392465,0.4329,0.410714,1.08333,0.448253,0.334672,0.358089,1.13693,1.4621,1.40014
256,3,3,64,16,16,1,1,39.5385,0.522466,0.509939,0.510981,0.524921,0.529101,0.50327,0.515996,0.512821,2.05864,0.522466,0.517028,0.563345,1.39485,1.89773,1.86152
512,3,3,64,16,16,1,1,79.2857,0.630668,0.956023,0.745156,0.986193,0.69965,0.842593,0.682221,0.930297,3.70221,0.769231,0.721861,0.731725,2.53535,2.52652,3.0015
32,3,3,128,16,16,1,1,10.2653,0.456849,0.426621,0.481473,0.393082,0.555833,0.546124,0.582072,0.540541,0.541126,0.52687,0.525473,0.568466,1.08045,1.1073,1.02721
64,3,3,128,16,16,1,1,20.28,0.513347,0.434028,0.510981,0.456849,0.643501,0.60054,0.653595,0.628455,0.879613,0.623441,0.547046,0.61411,1.42857,1.17706,1.25125
128,3,3,128,16,16,1,1,41.1154,0.58101,0.540227,0.600962,0.577656,0.745156,0.726415,0.761416,0.736745,1.26134,0.720821,0.613358,0.673284,1.40196,1.56818,1.49403
256,3,3,128,16,16,1,1,79.9643,0.76374,0.764908,0.778816,0.767255,0.921731,0.907441,0.922192,0.903881,2.30046,0.919577,0.8,0.830565,2.13085,1.99402,2.002
512,3,3,128,16,16,1,1,160.75,1.01935,1.15741,0.996016,1.15799,1.0917,1.22912,1.1043,1.31776,4.04637,1.0621,1.12081,1.11969,2.84659,2.86714,3.32119
32,3,3,256,16,16,1,1,20.38,0.650845,0.642169,0.70028,0.653068,0.894454,0.892157,0.945652,0.92081,0.591017,0.971845,0.86849,1.001,1.61694,1.21602,1.27354
64,3,3,256,16,16,1,1,40.6731,0.807258,0.781641,0.841751,0.797448,1.02459,1.01215,1.06157,1.04979,1.03357,1.02194,0.976563,1.04002,1.78559,1.47929,1.54876
128,3,3,256,16,16,1,1,82.8214,0.987179,0.919118,1,0.943396,1.20084,1.16881,1.28462,1.2142,1.57311,1.23824,1.05932,1.16337,2.12712,1.58123,1.52591
256,3,3,256,16,16,1,1,163.188,1.29793,1.32124,1.32759,1.34048,1.54954,1.55031,1.54154,1.55763,2.58763,1.55763,1.41785,1.54321,2.53807,2.32791,2.20485
512,3,3,256,16,16,1,1,336,1.78292,2.31713,1.84963,2.34463,1.86338,2.91424,1.91412,2.84091,4.7619,1.90304,1.9832,2.10819,3.36242,3.43836,3.48785
32,3,3,512,16,16,1,1,41.0192,1.02092,0.983301,1.02143,1.052,1.47861,1.45,1.55108,1.53681,0.656496,1.59475,1.42188,1.65017,2.1845,1.58307,1.36376
64,3,3,512,16,16,1,1,82.8571,1.2444,1.21359,1.30339,1.30744,1.75439,1.72251,1.80036,1.77394,1.20313,1.85278,1.60852,1.83915,2.38571,1.7149,1.7712
128,3,3,512,16,16,1,1,163.188,1.56975,1.53451,1.63029,1.57729,2.16272,2.05635,2.25788,2.11864,2.0502,2.1453,1.96667,2.12872,2.96029,2.05533,1.92308
256,3,3,512,16,16,1,1,329.625,2.37322,2.32292,2.39593,2.34977,2.82768,2.82022,2.88649,2.91279,3.59712,2.94559,2.7459,2.93129,3.46897,3.16614,3.19904
512,3,3,512,16,16,1,1,656.75,3.23387,4.4292,3.37248,3.79924,3.85385,4.58945,4.20168,5.08081,6.67,3.71667,3.91016,4.31897,4.53378,4.57273,4.68458
32,3,3,3,32,32,1,1,1.10297,0.218818,0.219202,0.227697,0.222519,0.202675,0.215239,0.225836,0.210438,0.984252,0.211775,0.212585,0.219974,0.163452,0.18005,0.167392
64,3,3,3,32,32,1,1,2.20264,0.236183,0.259336,0.246305,0.268384,0.255363,0.247402,0.235183,0.227801,1.37363,0.238322,0.222124,0.225632,0.233427,0.271003,0.242836
128,3,3,3,32,32,1,1,4.38261,0.253807,0.251762,0.241196,0.262055,0.233536,0.240269,0.235516,0.236518,2.24664,0.230627,0.247036,0.258799,1.85463,1.86431,1.91221
256,3,3,3,32,32,1,1,8.96875,0.300661,0.312695,0.321337,0.335121,0.286697,0.278707,0.289855,0.299014,3.87791,0.281532,0.281373,0.307279,2.07128,2.02834,2.22444
512,3,3,3,32,32,1,1,17.569,0.408367,0.383922,0.397538,0.387597,0.396825,0.379363,0.436681,0.361533,7.24286,0.401163,0.420732,0.406174,2.75962,2.51633,2.78056
32,3,3,32,32,32,1,1,9.46698,0.647668,0.604167,0.622201,0.608273,0.622665,0.624065,0.62688,0.632111,1.00654,0.631313,0.535027,0.624844,1.8666,1.67642,1.76585
64,3,3,32,32,32,1,1,18.9074,0.634518,0.679104,0.635324,0.676928,0.661162,0.678765,0.674191,0.688102,1.5228,0.650195,0.538482,0.661706,1.99402,1.98419,2.05225
128,3,3,32,32,32,1,1,37.8036,0.720461,0.744048,0.722222,0.758725,0.677846,0.754148,0.696106,0.742942,2.32292,0.694175,0.670912,0.723951,2.15948,1.94942,2.01406
256,3,3,32,32,32,1,1,75.6429,0.983792,0.980392,0.967118,1.00855,0.963462,0.963391,0.970874,1.00502,4.28846,0.981373,0.99256,1.14588,2.67647,2.44024,2.54822
512,3,3,32,32,32,1,1,153.75,1.18824,1.05932,1.19226,1.05708,1.08153,0.990594,1.06489,1.02932,7.60227,1.23886,1.1092,1.14736,3.52289,3.34,3.53697
32,3,3,64,32,32,1,1,19.7019,0.82278,1.06663,0.829602,1.04323,0.927315,1.05591,0.94032,1.08932,1.09041,0.987673,0.823723,0.978963,2.006,2.46675,1.79018
64,3,3,64,32,32,1,1,40.1538,0.89375,1.06383,0.898115,1.06263,0.991584,1.06436,1.0015,1.09409,1.99008,1.01265,0.910455,1.0251,2.4901,1.9871,2.0778
128,3,3,64,32,32,1,1,79.8571,1.05095,1.20602,1.03035,1.20482,1.07634,1.20084,1.15323,1.12867,2.9157,1.16725,1.12164,1.20773,2.35849,2.20705,2.12766
256,3,3,64,32,32,1,1,157.875,1.62948,1.38017,1.5625,1.38712,1.60144,1.36817,1.55435,1.3781,4.79048,1.7327,1.60064,1.79946,3.72222,3.34667,3.44007
512,3,3,64,32,32,1,1,317.375,2.19298,1.89962,2.29358,1.74913,2.04918,1.74825,2.10504,1.79946,9.09091,2.275,2.13085,2.25336,4.51351,4.18125,4.54773
32,3,3,128,32,32,1,1,40.1346,1.05421,1.53846,1.05263,1.4693,1.28535,1.69492,1.32626,1.60737,1.08859,1.4881,1.23886,1.51976,2.36321,1.96275,1.95703
64,3,3,128,32,32,1,1,81.6071,1.26134,1.60256,1.31645,1.60417,1.59554,1.86847,1.58889,1.82182,2.14914,1.77837,1.55031,1.84191,2.58892,2.33837,2.22222
128,3,3,128,32,32,1,1,161,1.78381,1.73529,1.86754,1.82091,2.04388,1.97727,2.01815,1.93629,3.31414,2.09833,2.02733,2.10714,3.28105,2.38333,2.42961
256,3,3,128,32,32,1,1,321.5,2.98214,2.15517,2.75137,2.12076,2.87787,2.41908,2.875,2.39234,5.23438,3.04545,3.40136,3.355,4.65509,4.16875,4.23941
512,3,3,128,32,32,1,1,646,3.79545,3.22115,3.73507,3.22276,3.91992,3.36577,4.006,3.51748,10.175,3.85577,3.97638,4.22899,5.71875,5.08838,5.4086
32,3,3,256,32,32,1,1,81.3929,1.84191,2.06276,1.95313,2.15733,2.31944,2.68449,2.48144,2.67914,1.23457,2.85511,2.40865,2.82022,3.77068,2.22778,2.17391
64,3,3,256,32,32,1,1,164,2.3076,2.40191,2.34696,2.58634,2.875,2.9985,2.88218,3.15566,2.07335,3.1087,2.90318,3.125,4.03427,2.50125,2.4284
128,3,3,256,32,32,1,1,324.875,2.94559,2.82303,2.84517,2.80447,3.43151,3.26797,3.41327,3.19108,3.51573,3.7782,3.49479,4.028,4.88835,3.71481,3.85769
256,3,3,256,32,32,1,1,650,5.35638,3.78195,4.95792,3.68566,5.89412,4.31197,6.12195,4.21639,6.35759,6.5,5.92059,6.22222,7.14085,5.89118,4.96324
512,3,3,256,32,32,1,1,1310.25,6.52597,5.86047,6.89384,5.95238,7.52985,6.47436,7.75,6.60855,13.0769,7.43015,7.75385,8.2418,8.40417,7.60227,7.94048
32,3,3,512,32,32,1,1,162.063,3.31291,3.63768,3.36745,3.80682,4.61697,4.73349,4.68458,4.77143,1.49925,5.52198,4.63426,5.85465,5.56944,2.55357,2.50875
64,3,3,512,32,32,1,1,326.125,4.0504,4.61468,4.16875,4.18542,5.28421,5.32632,5.45924,5.20103,2.76381,6.30625,5.36436,6.5487,6.09036,3.88953,3.72222
128,3,3,512,32,32,1,1,652.5,5.18814,5.11735,5.54121,5.10204,6.84932,6.45833,6.75,6.25,4.74292,7.84766,6.88014,8.41667,8.14919,4.74764,4.21008
256,3,3,512,32,32,1,1,1306.5,8.4,6.98958,7.98413,7.02083,10.125,8.58051,10.6489,8.52966,8.68534,11.6977,10.734,12.5938,11.15,8.06452,7.62879
512,3,3,512,32,32,1,1,2631.25,13.8041,11.7267,13.1645,11.2111,14.8235,12.4573,15.1667,12.7937,17.2672,16.1935,15.7891,17.3707,14.8603,13.7095,13.4934
32,3,3,3,64,64,1,1,4.42325,0.466853,0.501755,0.462766,0.487805,0.304507,0.388802,0.297414,0.36523,1.99402,0.315259,0.263713,0.326371,1.97826,1.88868,1.83333
64,3,3,3,64,64,1,1,8.95982,0.497018,0.513077,0.522727,0.541126,0.398923,0.459559,0.38373,0.446429,3.09259,0.38432,0.328248,0.481936,2.13298,1.93243,2.17641
128,3,3,3,64,64,1,1,17.5431,0.52521,0.47238,0.528511,0.469043,0.495545,0.398288,0.628931,0.407166,5.62079,0.506326,0.508384,0.517322,2.52904,2.26357,2.57308
256,3,3,3,64,64,1,1,35.2,0.830017,0.686813,0.860585,0.69,0.879174,0.646831,0.884276,0.680272,12.5938,0.8625,0.846024,0.869358,4.34052,4.36304,4.61927
512,3,3,3,64,64,1,1,70.4375,0.875,0.67012,0.873258,0.798246,0.863558,0.620968,0.863558,0.679104,31.625,1.04054,1.50678,0.90343,4.55227,3.65693,4.54054
32,3,3,32,64,64,1,1,37.75,1.18824,1.17925,1.18322,1.16453,1.47279,1.38504,1.51591,1.37569,2.09479,1.57469,1.04603,1.36444,2.65476,2.07335,2.09937
64,3,3,32,64,64,1,1,76.0714,1.54154,1.45422,1.48442,1.46272,1.71821,1.63725,1.72414,1.65728,3.16614,1.80686,1.34249,1.58202,3.01807,2.30991,2.46463
128,3,3,32,64,64,1,1,152.5,2.03557,1.97826,2.04286,2.0502,2.12872,2.04082,2.08854,2.09167,5.77874,2.07438,1.96667,2.08195,3.68248,3.74813,2.92587
256,3,3,32,64,64,1,1,302.625,2.89884,2.42718,2.91279,2.38214,2.88362,2.43325,2.94559,2.45956,13.6689,3.01506,2.72826,3.07209,6.80743,6.75676,7.05634
512,3,3,32,64,64,1,1,610.75,4.0752,3.36074,4.002,3.26786,3.93898,3.28947,4.004,3.2371,32.2344,4.04032,3.73321,3.98214,8.45833,6.62829,7.36765
32,3,3,64,64,64,1,1,79.8214,2.03252,2.35563,2.02733,2.30645,2.72962,2.84605,2.79306,2.80726,2.01506,2.91424,1.93629,2.41908,3.87984,2.37678,2.38452
64,3,3,64,64,64,1,1,157.688,2.5625,2.53409,2.5075,2.54822,3.08436,3.10185,3.0256,3.08796,3.38851,3.10031,2.42961,3.00449,4.47545,2.72554,2.58763
128,3,3,64,64,64,1,1,318.125,3.10714,3.23387,3.16038,3.25487,3.60072,3.34667,3.58036,3.38851,6.33861,3.78977,3.05335,3.45,5.51923,4.26907,4.4933
256,3,3,64,64,64,1,1,652.75,5.29211,4.03831,5.49725,4.08943,5.55495,4.36739,5.83046,4.39693,15.1029,5.88235,5.45652,5.94412,9.45283,8.11694,8.79825
512,3,3,64,64,64,1,1,1274.75,7.35662,5.80172,7.0493,5.8046,7.65909,6.28125,7.54478,6.19753,34.2833,7.40074,7.16786,7.79615,11.4943,9.56604,10.6649
32,3,3,128,64,64,1,1,162.313,3.95866,4.14256,3.80114,4.15909,5.52198,5.56944,5.44022,5.75862,2.0875,5.37903,4.08943,5.1199,5.49725,2.50875,2.70161
64,3,3,128,64,64,1,1,331.875,4.94363,4.48661,4.6729,4.6986,6.25938,6.31875,6.26563,6.4359,4.006,6.08735,4.83894,6.1128,6.05723,3.82443,3.97222
128,3,3,128,64,64,1,1,645.5,6.43269,5.3617,6.18293,5.36702,7.96429,7.375,7.82422,7.4375,7.55597,7.74231,6.55195,8.16935,7.51119,6.0994,5.90882
256,3,3,128,64,64,1,1,1294.5,9.82843,7.47388,10.08,7.35294,11.7442,9.5283,11.392,9.39352,16.6917,11.7267,9.55189,11.2611,12.6375,8.22951,8.75431
512,3,3,128,64,64,1,1,2608,14.8309,11.7616,14.25,11.8081,15.5,13.1579,15.4242,12.8205,35.9107,15.4167,14.0833,15.6953,17.9643,15.2955,15.3636
32,3,3,256,64,64,1,1,325.5,9.58019,9.03125,9.48113,9.15909,14.0833,14.4714,14.1111,14.5857,2.79028,16.2097,10.6094,16.25,7.38603,4.03,4.31034
64,3,3,256,64,64,1,1,651.75,10.766,10.045,10.8245,10.352,15,15,15.303,15.1818,5.34574,17.5862,12,17.7241,8.84211,4.60092,5.06313
128,3,3,256,64,64,1,1,1299.5,13.1974,12.2378,13.2895,12.3049,17.4138,16.8,17.4397,16.725,9.39352,20.39,14.3143,20.54,12.8333,5.95833,6.1821
256,3,3,256,64,64,1,1,2657.25,19.1296,15.9453,20.01,16.0234,26.0375,20.6,23.7273,21.2604,19.8846,25.775,19.5385,26.3816,19.7596,12.3354,12.5875
512,3,3,256,64,64,1,1,5278,28.4583,22.6848,28.6528,22.9205,31.3125,27.3289,31.2353,27.6711,41.0577,33.9333,28.9167,34.6833,28.6389,23.625,24.4048
32,3,3,512,64,64,1,1,673.25,19.5385,19.7404,19.3558,20.14,28,29.5833,28.25,29.5882,3.61511,35.15,21.9783,33.8167,13.3289,5.21354,4.71028
64,3,3,512,64,64,1,1,1311,21.6771,21.4896,21.3958,21.4479,31.2353,31.375,30.8529,30.4706,7.10563,36.2857,23.0568,35.9643,15.9063,7.14643,6.73
128,3,3,512,64,64,1,1,2624.25,25.3625,24.2857,25.9,25.3875,35.3,34.5,35.8036,33.4688,12.4817,40.3654,27.9861,40.2308,20.04,10.3214,11.3278
256,3,3,512,64,64,1,1,5289.5,36,30.7059,34.7167,30.7941,44.7083,40.5577,44.8958,40.6538,27.1184,51.9,39.7885,50.65,34.6333,26.7368,25.8625
512,3,3,512,64,64,1,1,10522.5,55.9167,45.3958,54.175,44.5833,61.9722,54.625,62.625,54.425,53.025,68.4063,55.75,66.9688,52.975,44.7917,48.3636
32,3,3,3,128,128,1,1,17.75,0.870435,0.855556,0.869565,0.846447,0.762195,0.740385,0.761035,0.724638,3.64493,0.769615,0.677507,0.771991,2.71622,2.01815,2.30876
64,3,3,3,128,128,1,1,35.4167,1.001,0.95563,0.988142,0.95381,0.885398,0.810778,0.877193,0.812906,8.5339,0.901351,0.778771,0.916209,3.1693,2.6609,3.12969
128,3,3,3,128,128,1,1,70.625,1.38017,1.08804,1.48077,1.11359,1.35175,1.06316,1.34771,1.0389,23.1705,1.3089,1.18602,1.35501,5.74148,5.32181,5.78736
256,3,3,3,128,128,1,1,141.875,2.16558,1.27226,2.08333,1.2703,1.93147,1.2444,1.94186,1.13292,52.225,1.9881,1.98909,2.13675,15.2652,14.9265,15.4924
512,3,3,3,128,128,1,1,291.125,4.37826,3.83969,4.37826,3.85385,4.35435,3.83969,4.45133,4.0752,108.5,4.28846,4.52027,4.5473,24.0238,21.0313,24.1429
32,3,3,32,128,128,1,1,151.25,6.65461,5.53571,6.54221,5.75,6.61842,6.41667,6.67667,6.29688,3.99206,6.26563,4.83173,5.92647,5.25781,2.98214,2.93129
64,3,3,32,128,128,1,1,303.25,8.63362,6.36076,8.61441,6.39241,8.32377,7.16429,8.45,6.95139,9.50943,7.84375,6.4359,7.52239,6.47115,4.57273,4.76429
128,3,3,32,128,128,1,1,605.5,11.1087,8.25,11.2444,8.03571,10.7447,8.73276,10.4219,8.2582,24.0595,10.15,8.29508,10.075,9.88725,6.92466,8.49167
256,3,3,32,128,128,1,1,1219.75,14.8529,11.2,14.8309,11.35,14.6,11.1111,13.9583,11.1889,53.825,13.2895,11.5227,12.9038,21.1146,17.8661,19.1481
512,3,3,32,128,128,1,1,2427.5,20.9479,16.9,20.9792,16.975,19.875,16.6667,19.7019,16.8167,109.75,19.8462,18.1339,19.4519,35.0333,30.2941,32.7813
32,3,3,64,128,128,1,1,319.125,12.4146,10.8723,12.1488,10.7766,15.4318,14.7426,15.3939,14.6214,4.19792,17.5862,11.5057,16.7833,7.65909,4.024,4.26059
64,3,3,64,128,128,1,1,636,13.4539,11.8779,13.6014,11.9012,16.95,15.8984,17.5776,15.4545,10.8913,19.4519,12.6125,18.0446,9.65385,5.16495,4.97525
128,3,3,64,128,128,1,1,1268.25,16.675,14.3714,16.6833,14.0417,20.2,17.3276,19.75,17.5517,24.7619,22.1522,15.5909,21.2083,14.6286,7.29643,8.2621
256,3,3,64,128,128,1,1,2535,23.2727,18.25,22.75,18.2589,26.225,21.5729,25.325,21.4583,56.2222,28.1806,22.1522,28.4444,28.0278,22.5217,23.8571
512,3,3,64,128,128,1,1,5061,35.4833,27.3026,34.0333,26.8816,36.2679,29.7794,36.0357,30.1029,112.1,38.4615,34.0333,38.9423,47.75,41.5385,43.4792
32,3,3,128,128,128,1,1,647.75,28.4861,25.4,28.5,25.4,30.0882,29.0694,30.2206,29.3056,5.31053,36.0357,21.5208,33.9667,13.9653,5.56111,5.875
64,3,3,128,128,128,1,1,1288,30.3088,26.8947,30.4412,27.0132,32.3594,30.8235,31.9531,30.0882,13.5135,37.6429,24.1667,35.8571,17.3707,7.22857,6.97917
128,3,3,128,128,128,1,1,2619.25,35.2,29.6618,36.1786,29.7794,37.9286,34.6833,38.125,34.2,27.6316,43.3125,29.375,42.0625,22.875,11.5455,12.2561
256,3,3,128,128,128,1,1,5152,47.4318,37.4821,47.2955,37.5536,48.1818,41.7708,48.7045,40.6923,55.9722,53.375,41.0385,53.025,47.4318,32.7813,31.2353
512,3,3,128,128,128,1,1,10362.3,67.5313,52.9,67.6563,52.325,68.4063,55.6389,67.5313,56.25,115.05,74.3571,60.8889,74,74.8214,62.9375,65.1875
32,3,3,256,128,128,1,1,1302.25,48.7727,42.5625,48.9773,43.2292,60.1111,59.25,60.9444,60.8056,7.59848,74.8929,44.7083,69.1875,33.2813,9.86765,8.52119
64,3,3,256,128,128,1,1,2606.25,52.25,46,51.775,46.1818,65.25,61.3333,64.8438,62.5938,17.3707,79.5357,49.7273,73.6429,41.5769,15.7109,16.3548
128,3,3,256,128,128,1,1,5217,62.7813,54.025,65.5,54.2,75.3571,72,76.1071,69.125,32.7031,88.8333,59.3056,84.5833,53.825,22.0652,23.4091
256,3,3,256,128,128,1,1,10511.5,85.5417,64.0313,85.3333,65.2813,95.3333,81,95.4167,80.5,63.8125,110.15,84.3333,106,77.1786,48.7045,54.725
512,3,3,256,128,128,1,1,20987.5,129.75,95,126,96.1667,133.5,106.6,132.625,107.7,127.125,146,120.6,144.813,118.15,98.0833,100.2
32,3,3,512,128,128,1,1,2616.5,92.9167,79.8929,89.7917,82.9643,121.05,122.2,121.7,118.05,12.2622,150.5,90.8333,137.313,74.0714,23.6932,24.619
64,3,3,512,128,128,1,1,5220.25,96.0417,85.25,95.0417,87.625,130.5,125.25,132.375,123.45,26.4737,159.438,99.0417,145.938,83.5357,28.4583,29.6765
128,3,3,512,128,128,1,1,10513.3,119.45,98.25,114.05,98.625,153.438,138.313,150.938,137.063,46.4545,180.667,121.75,168.417,100.3,49.0682,50.725
256,3,3,512,128,128,1,1,21083.5,169.583,122.5,160.063,123.15,193.333,163.938,194.167,159.875,90,221,166.5,215.5,154.125,103.95,107.35
512,3,3,512,128,128,1,1,42234.3,241.417,176.5,234.083,173.667,268.75,207.833,263.75,210.833,174.5,292.125,239.833,287.875,234.083,191.417,196.167
32,3,3,3,256,256,1,1,70.8125,2.23438,2.13996,2.20264,2.15517,1.94089,1.81159,1.93147,1.85185,21.6875,2.22333,1.74652,2.08646,4.63889,3.11491,3.30757
64,3,3,3,256,256,1,1,142.375,2.86429,2.60233,3.01807,2.56122,2.59197,2.1197,2.58763,2.13191,48.6591,2.79749,2.42029,2.7875,9.47642,7.87891,8.52542
128,3,3,3,256,256,1,1,284,5.75862,4.25636,5.59167,4.30342,5.85465,4.15496,6.4019,4.0752,102.05,6.02711,5.46739,5.88529,15.6797,10.3469,15.875
256,3,3,3,256,256,1,1,566.75,15.1397,12.8526,15.303,12.8782,15.0515,12.8397,15.4091,12.6813,205.833,15.3485,14.9632,15.5758,67.75,64.5938,69.5313
512,3,3,3,256,256,1,1,1144.75,31.5469,27.2632,30.6324,27.7237,30.8824,27.1184,30.6618,27.6053,415.375,31.5469,30.9559,31.4688,148.25,141.938,147.375
32,3,3,32,256,256,1,1,614,37.5,33.5167,36.875,33.25,32.0313,30.9118,32.125,30.6029,22.5543,40.7885,24.7857,36.3571,16.621,6.2284,5.74713
64,3,3,32,256,256,1,1,1220,42.0833,34.4,42.875,35.2333,37.9286,32.7344,37.9821,33.2031,50.175,46.4318,30,42.25,23.6591,8.65948,10.2
128,3,3,32,256,256,1,1,2438.5,52.525,39.5192,52.15,39.2115,47.1136,36.5536,48.0682,37.125,105.75,54.525,39.8269,52.4,48.9091,27.3684,31.75
256,3,3,32,256,256,1,1,4885.5,72.8929,47.7045,70.6875,48.8409,65.1875,44.0625,64.9688,44.9792,208.75,73.5,59.6111,71.0938,108.2,91.2083,98.2917
512,3,3,32,256,256,1,1,9756.25,108.05,65.75,104.65,65.7813,97.4167,63.125,97.75,62.5313,422,106.75,93.9167,105.8,187.583,168.417,178.333
32,3,3,64,256,256,1,1,1310.25,57.5556,47.75,56.7778,47.3636,63.6563,61.7222,64.5938,61.5278,23.5909,82.25,51.35,75.4286,37.9821,9.81373,11.1778
64,3,3,64,256,256,1,1,2550,65.4375,50.15,65.5938,50.55,73.25,64.5938,72.9286,64.7813,51.25,91.0833,61.1389,85.4167,51.15,21.4063,23.5
128,3,3,64,256,256,1,1,5082.75,83.1786,57.9444,83.5,57.25,89.6667,70.25,89.5,70.5313,105.75,108.65,79.7857,102.1,80.3571,52.7,57.6389
256,3,3,64,256,256,1,1,10129.5,114.25,73.5,114.1,71.6786,118,84.5833,119.7,86.5833,210.75,137,109.6,131.813,163,136.938,140.25
512,3,3,64,256,256,1,1,20358,168.167,101.35,169.083,101.45,171.083,114.55,171.917,113.2,427.875,189.333,162.438,187,252.625,225.75,237.583
32,3,3,128,256,256,1,1,2573.75,124.65,103.6,124.75,103.75,127.25,122.95,129.125,120.05,26.5,165.563,105.45,150.25,81,34.65,35.5833
64,3,3,128,256,256,1,1,5152.75,141.25,108.3,142.063,108.7,143.125,127.938,143.438,129.188,53.825,182.5,122.45,168,106.05,57.1389,56.0556
128,3,3,128,256,256,1,1,10331.5,170,122.7,170.333,122.15,173.833,139.125,171.417,138.75,106.85,211.25,153.125,197.5,150,97.25,104.05
256,3,3,128,256,256,1,1,20665.5,220.667,145.563,222,147.813,221.417,164.938,223.417,166.625,215.25,263.75,203.083,248.083,247.583,201.583,206.083
512,3,3,128,256,256,1,1,41458.8,315.125,199.583,312.375,196.75,316.5,215.5,318.25,217.833,429.875,360,299.875,343,401.75,354.375,362.125
32,3,3,256,256,256,1,1,5236.75,220.667,175,220.917,176.25,254.375,244.583,253.625,242.583,34.45,335.625,212.75,303.875,163.688,79.2143,80.8929
64,3,3,256,256,256,1,1,10424,254.375,189,251,184.417,286.375,253.875,288.25,265,67.6563,364.125,240.167,333.625,204.167,112.8,114.25
128,3,3,256,256,256,1,1,20889,307.875,215.75,306.375,206.5,339.875,276.375,340,277.25,122.6,419.625,292.25,385.25,276.625,184,191.75
256,3,3,256,256,256,1,1,41798,394.875,256,390.25,254.875,434.5,323.75,431,330,241.167,513.5,389,480.25,418.375,336.75,347.75
512,3,3,256,256,256,1,1,83985,564.75,352.125,561.5,353.25,601,420,622.75,418.875,480.875,691.25,569,646.25,669.5,579.75,583
32,3,3,512,256,256,1,1,10500.3,422,329.875,416.75,331.125,514.5,503.25,510.25,504.5,51.975,671.75,422.375,609.75,350.625,183.417,185.5
64,3,3,512,256,256,1,1,21632.8,475.625,357.25,475.25,355.125,570,514.5,573.75,511.5,100.05,733,482.875,668.25,424,257.375,261
128,3,3,512,256,256,1,1,41937.5,580.75,405.875,579.25,407.875,681,563.25,683,553.75,173.667,843.75,585.5,771.25,556.75,394.375,400.5
256,3,3,512,256,256,1,1,84103,741.75,492.375,736,487.875,852.75,666.25,839.75,642.75,338.75,1000.25,745.75,922.25,796.5,635.25,642
512,3,3,512,256,256,1,1,168214,1088.25,660.75,1089,682.25,1204,825.5,1164,816.75,669,1338.25,1085.25,1258.25,1233.25,1054.75,1076.25
32,3,3,3,4,4,2,2,0.0173322,0.00191545,0.00218477,0.00241427,0.00252843,n/a,n/a,n/a,n/a,0.0442674,n/a,n/a,n/a,n/a,n/a,n/a
64,3,3,3,4,4,2,2,0.0345973,0.00271026,0.00336737,0.0036596,0.00408747,n/a,n/a,n/a,n/a,0.0891424,n/a,n/a,n/a,n/a,n/a,n/a
128,3,3,3,4,4,2,2,0.0688231,0.00447696,0.00575394,0.00627463,0.00714102,n/a,n/a,n/a,n/a,0.513604,n/a,n/a,n/a,n/a,n/a,n/a
256,3,3,3,4,4,2,2,0.138389,0.00795621,0.0105396,0.011366,0.0133604,n/a,n/a,n/a,n/a,0.709929,n/a,n/a,n/a,n/a,n/a,n/a
512,3,3,3,4,4,2,2,0.274725,0.0152013,0.0207271,0.0215072,0.0258679,n/a,n/a,n/a,n/a,0.992079,n/a,n/a,n/a,n/a,n/a,n/a
32,3,3,32,4,4,2,2,0.147275,0.0123634,0.0135822,0.0162697,0.0168039,n/a,n/a,n/a,n/a,0.244021,n/a,n/a,n/a,n/a,n/a,n/a
64,3,3,32,4,4,2,2,0.298479,0.0529942,0.064834,0.056205,0.0653168,n/a,n/a,n/a,n/a,0.348675,n/a,n/a,n/a,n/a,n/a,n/a
128,3,3,32,4,4,2,2,0.601685,0.0602192,0.105108,0.0700771,0.109027,n/a,n/a,n/a,n/a,0.517857,n/a,n/a,n/a,n/a,n/a,n/a
256,3,3,32,4,4,2,2,1.19226,0.103907,0.117592,0.109987,0.129299,n/a,n/a,n/a,n/a,0.733871,n/a,n/a,n/a,n/a,n/a,n/a
512,3,3,32,4,4,2,2,2.37085,0.204834,0.222816,0.213675,0.232342,n/a,n/a,n/a,n/a,1.01366,n/a,n/a,n/a,n/a,n/a,n/a
32,3,3,64,4,4,2,2,0.309752,0.024233,0.0263463,0.0323918,0.0329034,n/a,n/a,n/a,n/a,0.234192,n/a,n/a,n/a,n/a,n/a,n/a
64,3,3,64,4,4,2,2,0.621891,0.0641601,0.0759994,0.0701066,0.0803988,n/a,n/a,n/a,n/a,0.352041,n/a,n/a,n/a,n/a,n/a,n/a
128,3,3,64,4,4,2,2,1.24378,0.0994827,0.131334,0.104646,0.132626,n/a,n/a,n/a,n/a,0.521921,n/a,n/a,n/a,n/a,n/a,n/a
256,3,3,64,4,4,2,2,2.48515,0.12025,0.182949,0.13031,0.193723,n/a,n/a,n/a,n/a,0.755287,n/a,n/a,n/a,n/a,n/a,n/a
512,3,3,64,4,4,2,2,4.96535,0.275179,0.246914,0.263852,0.263019,n/a,n/a,n/a,n/a,1.0142,n/a,n/a,n/a,n/a,n/a,n/a
32,3,3,128,4,4,2,2,0.626095,0.0485248,0.0535447,0.0655308,0.0664452,n/a,n/a,n/a,n/a,0.252016,n/a,n/a,n/a,n/a,n/a,n/a
64,3,3,128,4,4,2,2,1.25754,0.0847458,0.110035,0.104668,0.124813,n/a,n/a,n/a,n/a,0.393082,n/a,n/a,n/a,n/a,n/a,n/a
128,3,3,128,4,4,2,2,2.57861,0.124844,0.165235,0.136129,0.171468,n/a,n/a,n/a,n/a,0.542888,n/a,n/a,n/a,n/a,n/a,n/a
256,3,3,128,4,4,2,2,5.06566,0.184298,0.249501,0.197161,0.254842,n/a,n/a,n/a,n/a,0.813415,n/a,n/a,n/a,n/a,n/a,n/a
512,3,3,128,4,4,2,2,10.015,0.336474,0.290505,0.317662,0.295508,n/a,n/a,n/a,n/a,1.11969,n/a,n/a,n/a,n/a,n/a,n/a
32,3,3,256,4,4,2,2,1.26389,0.0951837,0.106883,0.133547,0.134409,n/a,n/a,n/a,n/a,0.271003,n/a,n/a,n/a,n/a,n/a,n/a
64,3,3,256,4,4,2,2,2.54569,0.146327,0.177368,0.184094,0.195618,n/a,n/a,n/a,n/a,0.443656,n/a,n/a,n/a,n/a,n/a,n/a
128,3,3,256,4,4,2,2,5.23177,0.195313,0.227066,0.208351,0.237304,n/a,n/a,n/a,n/a,0.56019,n/a,n/a,n/a,n/a,n/a,n/a
256,3,3,256,4,4,2,2,10.17,0.279955,0.340599,0.289519,0.332392,n/a,n/a,n/a,n/a,0.919577,n/a,n/a,n/a,n/a,n/a,n/a
512,3,3,256,4,4,2,2,20.38,0.443878,0.486381,0.480086,0.493343,n/a,n/a,n/a,n/a,1.41525,n/a,n/a,n/a,n/a,n/a,n/a
32,3,3,512,4,4,2,2,2.55485,0.194477,0.220167,0.264971,0.270124,n/a,n/a,n/a,n/a,0.313873,n/a,n/a,n/a,n/a,n/a,n/a
64,3,3,512,4,4,2,2,5.07576,0.269978,0.320102,0.341997,0.360411,n/a,n/a,n/a,n/a,0.521094,n/a,n/a,n/a,n/a,n/a,n/a
128,3,3,512,4,4,2,2,10.3163,0.314663,0.357143,0.360931,0.39185,n/a,n/a,n/a,n/a,0.730685,n/a,n/a,n/a,n/a,n/a,n/a
256,3,3,512,4,4,2,2,20.45,0.420226,0.5,0.432742,0.490922,n/a,n/a,n/a,n/a,1.11663,n/a,n/a,n/a,n/a,n/a,n/a
512,3,3,512,4,4,2,2,40.7692,0.670013,0.617593,0.656168,0.576037,n/a,n/a,n/a,n/a,1.72672,n/a,n/a,n/a,n/a,n/a,n/a
32,3,3,3,8,8,2,2,0.0690036,0.0061118,0.0059043,0.00651687,0.00627975,n/a,n/a,n/a,n/a,0.124316,n/a,n/a,n/a,n/a,n/a,n/a
64,3,3,3,8,8,2,2,0.137363,0.00887642,0.00907787,0.00984329,0.00975001,n/a,n/a,n/a,n/a,0.569476,n/a,n/a,n/a,n/a,n/a,n/a
128,3,3,3,8,8,2,2,0.280112,0.0146113,0.0154026,0.0160545,0.0167887,n/a,n/a,n/a,n/a,0.829602,n/a,n/a,n/a,n/a,n/a,n/a
256,3,3,3,8,8,2,2,0.548847,0.104756,0.109004,0.104888,0.111582,n/a,n/a,n/a,n/a,1.07759,n/a,n/a,n/a,n/a,n/a,n/a
512,3,3,3,8,8,2,2,1.12081,0.212044,0.202758,0.210615,0.203252,n/a,n/a,n/a,n/a,2.02218,n/a,n/a,n/a,n/a,n/a,n/a
32,3,3,32,8,8,2,2,0.592012,0.0756659,0.0708918,0.0808538,0.073046,n/a,n/a,n/a,n/a,0.402253,n/a,n/a,n/a,n/a,n/a,n/a
64,3,3,32,8,8,2,2,1.19797,0.0919456,0.0909256,0.0956389,0.0957671,n/a,n/a,n/a,n/a,0.567177,n/a,n/a,n/a,n/a,n/a,n/a
128,3,3,32,8,8,2,2,2.42512,0.133333,0.14573,0.136203,0.153468,n/a,n/a,n/a,n/a,0.857021,n/a,n/a,n/a,n/a,n/a,n/a
256,3,3,32,8,8,2,2,4.74764,0.208594,0.230309,0.219394,0.234742,n/a,n/a,n/a,n/a,1.28995,n/a,n/a,n/a,n/a,n/a,n/a
512,3,3,32,8,8,2,2,9.48113,0.266951,0.279955,0.263435,0.266241,n/a,n/a,n/a,n/a,2.45956,n/a,n/a,n/a,n/a,n/a,n/a
32,3,3,64,8,8,2,2,1.23399,0.102417,0.0987947,0.107481,0.101958,n/a,n/a,n/a,n/a,0.376506,n/a,n/a,n/a,n/a,n/a,n/a
64,3,3,64,8,8,2,2,2.46675,0.133869,0.137099,0.141804,0.142531,n/a,n/a,n/a,n/a,0.633714,n/a,n/a,n/a,n/a,n/a,n/a
128,3,3,64,8,8,2,2,5.0175,0.160668,0.198491,0.176056,0.200562,n/a,n/a,n/a,n/a,0.905063,n/a,n/a,n/a,n/a,n/a,n/a
256,3,3,64,8,8,2,2,9.85784,0.226757,0.285388,0.238663,0.283588,n/a,n/a,n/a,n/a,1.45845,n/a,n/a,n/a,n/a,n/a,n/a
512,3,3,64,8,8,2,2,19.9231,0.327175,0.374251,0.347396,0.369549,n/a,n/a,n/a,n/a,2.79469,n/a,n/a,n/a,n/a,n/a,n/a
32,3,3,128,8,8,2,2,2.59326,0.159185,0.155521,0.175809,0.164636,n/a,n/a,n/a,n/a,0.350877,n/a,n/a,n/a,n/a,n/a,n/a
64,3,3,128,8,8,2,2,5.0175,0.215239,0.225023,0.241896,0.235627,n/a,n/a,n/a,n/a,0.705924,n/a,n/a,n/a,n/a,n/a,n/a
128,3,3,128,8,8,2,2,10.17,0.250501,0.281057,0.258131,0.285551,n/a,n/a,n/a,n/a,1,n/a,n/a,n/a,n/a,n/a,n/a
256,3,3,128,8,8,2,2,20.1,0.328464,0.385802,0.338524,0.38304,n/a,n/a,n/a,n/a,1.8125,n/a,n/a,n/a,n/a,n/a,n/a
512,3,3,128,8,8,2,2,40.0769,0.460635,0.60024,0.473273,0.568182,n/a,n/a,n/a,n/a,3.07822,n/a,n/a,n/a,n/a,n/a,n/a
32,3,3,256,8,8,2,2,5.07576,0.271444,0.27533,0.312891,0.305064,n/a,n/a,n/a,n/a,0.388092,n/a,n/a,n/a,n/a,n/a,n/a
64,3,3,256,8,8,2,2,10.17,0.38432,0.403877,0.422297,0.42735,n/a,n/a,n/a,n/a,0.84687,n/a,n/a,n/a,n/a,n/a,n/a
128,3,3,256,8,8,2,2,20.3,0.426621,0.477794,0.454545,0.488281,n/a,n/a,n/a,n/a,1.21359,n/a,n/a,n/a,n/a,n/a,n/a
256,3,3,256,8,8,2,2,40.7308,0.507099,0.572368,0.515464,0.557692,n/a,n/a,n/a,n/a,2.05533,n/a,n/a,n/a,n/a,n/a,n/a
512,3,3,256,8,8,2,2,82,0.744048,0.764526,0.732064,0.922509,n/a,n/a,n/a,n/a,3.76316,n/a,n/a,n/a,n/a,n/a,n/a
32,3,3,512,8,8,2,2,10.2551,0.492857,0.516787,0.564616,0.565611,n/a,n/a,n/a,n/a,0.521094,n/a,n/a,n/a,n/a,n/a,n/a
64,3,3,512,8,8,2,2,20.39,0.724313,0.758333,0.80426,0.807258,n/a,n/a,n/a,n/a,1.04541,n/a,n/a,n/a,n/a,n/a,n/a
128,3,3,512,8,8,2,2,40.8077,0.773994,0.820492,0.827815,0.867418,n/a,n/a,n/a,n/a,1.64098,n/a,n/a,n/a,n/a,n/a,n/a
256,3,3,512,8,8,2,2,81.6786,0.880722,0.954198,0.917431,0.970446,n/a,n/a,n/a,n/a,3.11025,n/a,n/a,n/a,n/a,n/a,n/a
512,3,3,512,8,8,2,2,163.625,1.26071,1.22134,1.26835,1.3624,n/a,n/a,n/a,n/a,5.21354,n/a,n/a,n/a,n/a,n/a,n/a
32,3,3,3,16,16,2,2,0.278242,0.022605,0.0207719,0.023034,0.0211685,n/a,n/a,n/a,n/a,0.721861,n/a,n/a,n/a,n/a,n/a,n/a
64,3,3,3,16,16,2,2,0.556452,0.119531,0.127097,0.124162,0.112943,n/a,n/a,n/a,n/a,1.04219,n/a,n/a,n/a,n/a,n/a,n/a
128,3,3,3,16,16,2,2,1.09759,0.135722,0.115875,0.142572,0.119048,n/a,n/a,n/a,n/a,1.62662,n/a,n/a,n/a,n/a,n/a,n/a
256,3,3,3,16,16,2,2,2.21571,0.149701,0.15006,0.142531,0.149432,n/a,n/a,n/a,n/a,2.63947,n/a,n/a,n/a,n/a,n/a,n/a
512,3,3,3,16,16,2,2,4.44027,0.240385,0.226963,0.241546,0.243546,n/a,n/a,n/a,n/a,4.39254,n/a,n/a,n/a,n/a,n/a,n/a
32,3,3,32,16,16,2,2,2.38452,0.246429,0.237417,0.25,0.246305,n/a,n/a,n/a,n/a,0.764908,n/a,n/a,n/a,n/a,n/a,n/a
64,3,3,32,16,16,2,2,4.77381,0.265957,0.288351,0.271592,0.262192,n/a,n/a,n/a,n/a,1.0917,n/a,n/a,n/a,n/a,n/a,n/a
128,3,3,32,16,16,2,2,9.53302,0.295508,0.289352,0.296033,0.292544,n/a,n/a,n/a,n/a,1.70153,n/a,n/a,n/a,n/a,n/a,n/a
256,3,3,32,16,16,2,2,18.9259,0.337154,0.345066,0.344353,0.340832,n/a,n/a,n/a,n/a,2.73497,n/a,n/a,n/a,n/a,n/a,n/a
512,3,3,32,16,16,2,2,37.7679,0.49975,0.534188,0.49628,0.540541,n/a,n/a,n/a,n/a,4.77381,n/a,n/a,n/a,n/a,n/a,n/a
32,3,3,64,16,16,2,2,4.95545,0.319898,0.271297,0.311721,0.276702,n/a,n/a,n/a,n/a,0.86399,n/a,n/a,n/a,n/a,n/a,n/a
64,3,3,64,16,16,2,2,10.075,0.344762,0.309789,0.357066,0.303582,n/a,n/a,n/a,n/a,1.14588,n/a,n/a,n/a,n/a,n/a,n/a
128,3,3,64,16,16,2,2,19.9615,0.401606,0.367647,0.409705,0.38373,n/a,n/a,n/a,n/a,2.02429,n/a,n/a,n/a,n/a,n/a,n/a
256,3,3,64,16,16,2,2,39.6923,0.505303,0.490677,0.489003,0.477099,n/a,n/a,n/a,n/a,3.22276,n/a,n/a,n/a,n/a,n/a,n/a
512,3,3,64,16,16,2,2,78.8214,0.59453,0.886968,0.614251,0.880053,n/a,n/a,n/a,n/a,5.84012,n/a,n/a,n/a,n/a,n/a,n/a
32,3,3,128,16,16,2,2,10.03,0.441527,0.385208,0.474171,0.403427,n/a,n/a,n/a,n/a,0.924214,n/a,n/a,n/a,n/a,n/a,n/a
64,3,3,128,16,16,2,2,20.34,0.525473,0.441696,0.507868,0.454773,n/a,n/a,n/a,n/a,1.39554,n/a,n/a,n/a,n/a,n/a,n/a
128,3,3,128,16,16,2,2,40.1731,0.567537,0.551211,0.588529,0.552152,n/a,n/a,n/a,n/a,2.20595,n/a,n/a,n/a,n/a,n/a,n/a
256,3,3,128,16,16,2,2,80.4643,0.736029,0.751502,0.772798,0.757576,n/a,n/a,n/a,n/a,3.74254,n/a,n/a,n/a,n/a,n/a,n/a
512,3,3,128,16,16,2,2,162.375,1.05147,1.26134,1.001,1.16822,n/a,n/a,n/a,n/a,7.05986,n/a,n/a,n/a,n/a,n/a,n/a
32,3,3,256,16,16,2,2,20.38,0.690953,0.659631,0.729227,0.692867,n/a,n/a,n/a,n/a,1.09409,n/a,n/a,n/a,n/a,n/a,n/a
64,3,3,256,16,16,2,2,40.7115,0.801282,0.783255,0.839765,0.805153,n/a,n/a,n/a,n/a,1.66667,n/a,n/a,n/a,n/a,n/a,n/a
128,3,3,256,16,16,2,2,81.6071,0.989625,0.945652,0.969961,0.967602,n/a,n/a,n/a,n/a,2.71739,n/a,n/a,n/a,n/a,n/a,n/a
256,3,3,256,16,16,2,2,162.938,1.30809,1.31365,1.34048,1.34409,n/a,n/a,n/a,n/a,5.1301,n/a,n/a,n/a,n/a,n/a,n/a
512,3,3,256,16,16,2,2,325.625,1.74913,2.16164,1.7948,2.18559,n/a,n/a,n/a,n/a,10.065,n/a,n/a,n/a,n/a,n/a,n/a
32,3,3,512,16,16,2,2,41.1923,1.02459,1.10486,1.05421,1.10976,n/a,n/a,n/a,n/a,1.17765,n/a,n/a,n/a,n/a,n/a,n/a
64,3,3,512,16,16,2,2,82.0357,1.24194,1.31365,1.31299,1.3254,n/a,n/a,n/a,n/a,2.16164,n/a,n/a,n/a,n/a,n/a,n/a
128,3,3,512,16,16,2,2,165.063,1.61812,1.63111,1.73356,1.65728,n/a,n/a,n/a,n/a,3.70741,n/a,n/a,n/a,n/a,n/a,n/a
256,3,3,512,16,16,2,2,327.5,2.43325,2.37915,2.47044,2.38452,n/a,n/a,n/a,n/a,7.04577,n/a,n/a,n/a,n/a,n/a,n/a
512,3,3,512,16,16,2,2,658.25,3.45,4.22269,3.78195,4.10163,n/a,n/a,n/a,n/a,14.6,n/a,n/a,n/a,n/a,n/a,n/a
32,3,3,3,32,32,2,2,1.10619,0.263435,0.218531,0.215239,0.219974,n/a,n/a,n/a,n/a,1.47861,n/a,n/a,n/a,n/a,n/a,n/a
64,3,3,3,32,32,2,2,2.2135,0.2331,0.238436,0.240038,0.241196,n/a,n/a,n/a,n/a,2.21903,n/a,n/a,n/a,n/a,n/a,n/a
128,3,3,3,32,32,2,2,4.44027,0.245218,0.249626,0.248509,0.255885,n/a,n/a,n/a,n/a,3.7037,n/a,n/a,n/a,n/a,n/a,n/a
256,3,3,3,32,32,2,2,8.82018,0.306373,0.30581,0.287026,0.306937,n/a,n/a,n/a,n/a,8.34583,n/a,n/a,n/a,n/a,n/a,n/a
512,3,3,3,32,32,2,2,17.8103,0.397456,0.39968,0.424088,0.367107,n/a,n/a,n/a,n/a,22.4022,n/a,n/a,n/a,n/a,n/a,n/a
32,3,3,32,32,32,2,2,9.57075,0.622201,0.625313,0.625625,0.606667,n/a,n/a,n/a,n/a,1.59475,n/a,n/a,n/a,n/a,n/a,n/a
64,3,3,32,32,32,2,2,19.2885,0.619431,0.683402,0.629245,0.688102,n/a,n/a,n/a,n/a,2.43447,n/a,n/a,n/a,n/a,n/a,n/a
128,3,3,32,32,32,2,2,37.8036,0.708215,0.75,0.682128,0.75188,n/a,n/a,n/a,n/a,4.014,n/a,n/a,n/a,n/a,n/a,n/a
256,3,3,32,32,32,2,2,76.4643,0.980392,0.994533,0.996016,0.990099,n/a,n/a,n/a,n/a,9.04018,n/a,n/a,n/a,n/a,n/a,n/a
512,3,3,32,32,32,2,2,152.688,1.30955,1.07227,1.15914,1.11111,n/a,n/a,n/a,n/a,23.6705,n/a,n/a,n/a,n/a,n/a,n/a
32,3,3,64,32,32,2,2,19.7212,0.791535,1.01677,0.8008,0.99751,n/a,n/a,n/a,n/a,1.66445,n/a,n/a,n/a,n/a,n/a,n/a
64,3,3,64,32,32,2,2,39.6731,0.871516,1.05643,0.894196,1.03144,n/a,n/a,n/a,n/a,2.59326,n/a,n/a,n/a,n/a,n/a,n/a
128,3,3,64,32,32,2,2,79.2857,1.00806,1.0917,0.986686,1.09704,n/a,n/a,n/a,n/a,4.29915,n/a,n/a,n/a,n/a,n/a,n/a
256,3,3,64,32,32,2,2,158.438,1.48368,1.29534,1.51818,1.33178,n/a,n/a,n/a,n/a,10.5313,n/a,n/a,n/a,n/a,n/a,n/a
512,3,3,64,32,32,2,2,317.875,1.96078,1.67,2.002,1.62419,n/a,n/a,n/a,n/a,24.4524,n/a,n/a,n/a,n/a,n/a,n/a
32,3,3,128,32,32,2,2,40.2885,1.06436,1.41056,1.03247,1.5,n/a,n/a,n/a,n/a,1.83425,n/a,n/a,n/a,n/a,n/a,n/a
64,3,3,128,32,32,2,2,80.8571,1.30065,1.53604,1.27742,1.57469,n/a,n/a,n/a,n/a,3.14219,n/a,n/a,n/a,n/a,n/a,n/a
128,3,3,128,32,32,2,2,161.688,1.7875,1.70068,1.7766,1.71907,n/a,n/a,n/a,n/a,5.875,n/a,n/a,n/a,n/a,n/a,n/a
256,3,3,128,32,32,2,2,323,2.73505,2.01915,2.65608,2.03862,n/a,n/a,n/a,n/a,12.1429,n/a,n/a,n/a,n/a,n/a,n/a
512,3,3,128,32,32,2,2,647.75,3.58929,3.11801,3.61331,3.08796,n/a,n/a,n/a,n/a,26.7237,n/a,n/a,n/a,n/a,n/a,n/a
32,3,3,256,32,32,2,2,82.1786,2.007,2.15129,2.04388,2.26584,n/a,n/a,n/a,n/a,2.14807,n/a,n/a,n/a,n/a,n/a,n/a
64,3,3,256,32,32,2,2,163.813,2.43811,2.48391,2.39234,2.59974,n/a,n/a,n/a,n/a,4.07724,n/a,n/a,n/a,n/a,n/a,n/a
128,3,3,256,32,32,2,2,327.125,3.09414,3.12812,3.06402,2.9985,n/a,n/a,n/a,n/a,7.01389,n/a,n/a,n/a,n/a,n/a,n/a
256,3,3,256,32,32,2,2,651.25,5.32979,3.85385,4.91176,3.7444,n/a,n/a,n/a,n/a,15.5985,n/a,n/a,n/a,n/a,n/a,n/a
512,3,3,256,32,32,2,2,1307.25,6.70667,5.95833,6.86644,5.84884,n/a,n/a,n/a,n/a,33.0625,n/a,n/a,n/a,n/a,n/a,n/a
32,3,3,512,32,32,2,2,163.563,4.012,4.22689,4.04637,4.49107,n/a,n/a,n/a,n/a,3.19268,n/a,n/a,n/a,n/a,n/a,n/a
64,3,3,512,32,32,2,2,325.75,4.56818,4.6986,4.74764,4.91912,n/a,n/a,n/a,n/a,5.8343,n/a,n/a,n/a,n/a,n/a,n/a
128,3,3,512,32,32,2,2,656.25,6,5.75575,6.76333,5.69602,n/a,n/a,n/a,n/a,10.5052,n/a,n/a,n/a,n/a,n/a,n/a
256,3,3,512,32,32,2,2,1327.25,9.49528,7.61742,9.18182,7.66667,n/a,n/a,n/a,n/a,23.1477,n/a,n/a,n/a,n/a,n/a,n/a
512,3,3,512,32,32,2,2,2621.25,13.2697,11.6453,13.6419,12.0357,n/a,n/a,n/a,n/a,47.0227,n/a,n/a,n/a,n/a,n/a,n/a
32,3,3,3,64,64,2,2,4.42105,0.489237,0.507614,0.463392,0.483801,n/a,n/a,n/a,n/a,3.07055,n/a,n/a,n/a,n/a,n/a,n/a
64,3,3,3,64,64,2,2,8.86404,0.492611,0.525473,0.479167,0.532181,n/a,n/a,n/a,n/a,6.96875,n/a,n/a,n/a,n/a,n/a,n/a
128,3,3,3,64,64,2,2,17.7328,0.566818,0.488049,0.523822,0.479846,n/a,n/a,n/a,n/a,20.78,n/a,n/a,n/a,n/a,n/a,n/a
256,3,3,3,64,64,2,2,35.4167,0.8726,0.725,0.892602,0.674764,n/a,n/a,n/a,n/a,47.5227,n/a,n/a,n/a,n/a,n/a,n/a
512,3,3,3,64,64,2,2,70.875,0.871951,0.687157,0.868924,0.686813,n/a,n/a,n/a,n/a,98.125,n/a,n/a,n/a,n/a,n/a,n/a
32,3,3,32,64,64,2,2,38,1.24378,1.19451,1.23214,1.2142,n/a,n/a,n/a,n/a,3.26961,n/a,n/a,n/a,n/a,n/a,n/a
64,3,3,32,64,64,2,2,76.1786,1.49033,1.57053,1.5045,1.62136,n/a,n/a,n/a,n/a,8.2459,n/a,n/a,n/a,n/a,n/a,n/a
128,3,3,32,64,64,2,2,151.875,2.03036,2.002,2.06481,2.006,n/a,n/a,n/a,n/a,21.5313,n/a,n/a,n/a,n/a,n/a,n/a
256,3,3,32,64,64,2,2,303.625,2.92982,2.35094,2.81882,2.36439,n/a,n/a,n/a,n/a,48.7273,n/a,n/a,n/a,n/a,n/a,n/a
512,3,3,32,64,64,2,2,608.5,4,3.30263,3.85769,3.27288,n/a,n/a,n/a,n/a,101.25,n/a,n/a,n/a,n/a,n/a,n/a
32,3,3,64,64,64,2,2,78.9286,2.12872,2.32407,2.10294,2.28311,n/a,n/a,n/a,n/a,3.77256,n/a,n/a,n/a,n/a,n/a,n/a
64,3,3,64,64,64,2,2,158.813,2.49627,2.49254,2.5641,2.51,n/a,n/a,n/a,n/a,8.75862,n/a,n/a,n/a,n/a,n/a,n/a
128,3,3,64,64,64,2,2,315.875,3.06902,2.98958,3.08129,2.98363,n/a,n/a,n/a,n/a,22.0435,n/a,n/a,n/a,n/a,n/a,n/a
256,3,3,64,64,64,2,2,630.5,5.18557,3.82061,5.18814,3.74813,n/a,n/a,n/a,n/a,49.1364,n/a,n/a,n/a,n/a,n/a,n/a
512,3,3,64,64,64,2,2,1271,7.36029,6.10061,7.22143,5.64045,n/a,n/a,n/a,n/a,101.85,n/a,n/a,n/a,n/a,n/a,n/a
32,3,3,128,64,64,2,2,160.688,4.15289,4.17292,4.07317,4.1343,n/a,n/a,n/a,n/a,4.53153,n/a,n/a,n/a,n/a,n/a,n/a
64,3,3,128,64,64,2,2,320.625,5.0275,4.8149,5.0475,4.82933,n/a,n/a,n/a,n/a,11.2444,n/a,n/a,n/a,n/a,n/a,n/a
128,3,3,128,64,64,2,2,654.5,7.13732,5.55833,6.80068,5.79023,n/a,n/a,n/a,n/a,24.0833,n/a,n/a,n/a,n/a,n/a,n/a
256,3,3,128,64,64,2,2,1286.75,9.85294,7.59091,9.94608,7.68182,n/a,n/a,n/a,n/a,50.625,n/a,n/a,n/a,n/a,n/a,n/a
512,3,3,128,64,64,2,2,2577.75,14.3857,12.1951,14.5429,11.4602,n/a,n/a,n/a,n/a,104.2,n/a,n/a,n/a,n/a,n/a,n/a
32,3,3,256,64,64,2,2,330.125,10.6596,9.93137,10.3214,10.07,n/a,n/a,n/a,n/a,6.95833,n/a,n/a,n/a,n/a,n/a,n/a
64,3,3,256,64,64,2,2,653.75,11.4375,10.9076,11.5511,11.0707,n/a,n/a,n/a,n/a,15.4848,n/a,n/a,n/a,n/a,n/a,n/a
128,3,3,256,64,64,2,2,1311.25,14.6143,12.7813,13.5405,12.6875,n/a,n/a,n/a,n/a,29.9265,n/a,n/a,n/a,n/a,n/a,n/a
256,3,3,256,64,64,2,2,2606.25,20.02,16.3468,19.2596,16.2177,n/a,n/a,n/a,n/a,58.3611,n/a,n/a,n/a,n/a,n/a,n/a
512,3,3,256,64,64,2,2,5252.5,28.2083,23.2045,28.8472,23.4545,n/a,n/a,n/a,n/a,120.5,n/a,n/a,n/a,n/a,n/a,n/a
32,3,3,512,64,64,2,2,653.75,20.24,20.9167,20.21,20.67,n/a,n/a,n/a,n/a,11.2444,n/a,n/a,n/a,n/a,n/a,n/a
64,3,3,512,64,64,2,2,1350.25,23.4432,22.3804,22.5652,22.1304,n/a,n/a,n/a,n/a,25.9375,n/a,n/a,n/a,n/a,n/a,n/a
128,3,3,512,64,64,2,2,2614,27.6579,25.725,28.1389,25.8,n/a,n/a,n/a,n/a,43.6458,n/a,n/a,n/a,n/a,n/a,n/a
256,3,3,512,64,64,2,2,5246,37.5179,31.5469,37.7321,31.8281,n/a,n/a,n/a,n/a,88.3333,n/a,n/a,n/a,n/a,n/a,n/a
512,3,3,512,64,64,2,2,10508.8,55.075,44.9792,55.7,44.75,n/a,n/a,n/a,n/a,172.5,n/a,n/a,n/a,n/a,n/a,n/a
32,3,3,3,128,128,2,2,17.6983,0.847881,0.855556,0.860585,0.87807,n/a,n/a,n/a,n/a,19.2308,n/a,n/a,n/a,n/a,n/a,n/a
64,3,3,3,128,128,2,2,35.7143,1.04874,0.965251,1.002,0.978474,n/a,n/a,n/a,n/a,44.4583,n/a,n/a,n/a,n/a,n/a,n/a
128,3,3,3,128,128,2,2,71.6429,1.44236,1.07403,1.38573,1.09279,n/a,n/a,n/a,n/a,92.125,n/a,n/a,n/a,n/a,n/a,n/a
256,3,3,3,128,128,2,2,143.438,2.12606,1.38191,2.1097,1.3587,n/a,n/a,n/a,n/a,188.583,n/a,n/a,n/a,n/a,n/a,n/a
512,3,3,3,128,128,2,2,284.5,4.39035,3.97047,4.44469,3.80114,n/a,n/a,n/a,n/a,380.875,n/a,n/a,n/a,n/a,n/a,n/a
32,3,3,32,128,128,2,2,153.25,7.30435,6.18827,7.14643,6.14939,n/a,n/a,n/a,n/a,20.08,n/a,n/a,n/a,n/a,n/a,n/a
64,3,3,32,128,128,2,2,303.5,8.91667,7.13732,8.96429,7.05986,n/a,n/a,n/a,n/a,44.9375,n/a,n/a,n/a,n/a,n/a,n/a
128,3,3,32,128,128,2,2,604,11.5284,8.70259,10.9239,8.72845,n/a,n/a,n/a,n/a,93.5833,n/a,n/a,n/a,n/a,n/a,n/a
256,3,3,32,128,128,2,2,1220,14.9191,11.9244,15.5758,11.4432,n/a,n/a,n/a,n/a,189.833,n/a,n/a,n/a,n/a,n/a,n/a
512,3,3,32,128,128,2,2,2457,21.125,16.7833,20.85,16.975,n/a,n/a,n/a,n/a,381.375,n/a,n/a,n/a,n/a,n/a,n/a
32,3,3,64,128,128,2,2,319.125,13.6081,12.2024,13.4276,12.0179,n/a,n/a,n/a,n/a,21.9239,n/a,n/a,n/a,n/a,n/a,n/a
64,3,3,64,128,128,2,2,632.5,14.5429,12.9423,14.6429,12.8654,n/a,n/a,n/a,n/a,46.4318,n/a,n/a,n/a,n/a,n/a,n/a
128,3,3,64,128,128,2,2,1273.25,17.5086,14.7574,18.1518,14.7059,n/a,n/a,n/a,n/a,95.4167,n/a,n/a,n/a,n/a,n/a,n/a
256,3,3,64,128,128,2,2,2543.5,23.8214,19.2404,24.0238,19.3173,n/a,n/a,n/a,n/a,192.333,n/a,n/a,n/a,n/a,n/a,n/a
512,3,3,64,128,128,2,2,5088,35.3167,28.5,34.35,27.9583,n/a,n/a,n/a,n/a,386.25,n/a,n/a,n/a,n/a,n/a,n/a
32,3,3,128,128,128,2,2,642.25,28.9583,25.85,28.5278,25.4875,n/a,n/a,n/a,n/a,23.8095,n/a,n/a,n/a,n/a,n/a,n/a
64,3,3,128,128,128,2,2,1306.5,30.2059,26.6579,29.9706,27.0263,n/a,n/a,n/a,n/a,49.6818,n/a,n/a,n/a,n/a,n/a,n/a
128,3,3,128,128,128,2,2,2596.75,35.6833,30.6324,35.5833,30.5882,n/a,n/a,n/a,n/a,101.5,n/a,n/a,n/a,n/a,n/a,n/a
256,3,3,128,128,128,2,2,5216,46.8409,37.4286,45.9545,36.5714,n/a,n/a,n/a,n/a,197.833,n/a,n/a,n/a,n/a,n/a,n/a
512,3,3,128,128,128,2,2,10385.5,67.3438,52.1,67.7188,52.175,n/a,n/a,n/a,n/a,393.125,n/a,n/a,n/a,n/a,n/a,n/a
32,3,3,256,128,128,2,2,1305.5,50.325,45.125,50.1,44.4375,n/a,n/a,n/a,n/a,30.8971,n/a,n/a,n/a,n/a,n/a,n/a
64,3,3,256,128,128,2,2,2601.75,53.35,48.3409,54.05,48.4545,n/a,n/a,n/a,n/a,62.1667,n/a,n/a,n/a,n/a,n/a,n/a
128,3,3,256,128,128,2,2,5230.5,63.5,54.15,62.8438,54.975,n/a,n/a,n/a,n/a,117.45,n/a,n/a,n/a,n/a,n/a,n/a
256,3,3,256,128,128,2,2,10437.3,90.625,65.5938,89.0417,65.9688,n/a,n/a,n/a,n/a,222,n/a,n/a,n/a,n/a,n/a,n/a
512,3,3,256,128,128,2,2,21001,127.813,95.9583,124.85,93.125,n/a,n/a,n/a,n/a,454.125,n/a,n/a,n/a,n/a,n/a,n/a
32,3,3,512,128,128,2,2,2675.5,95,86.125,94.6667,86.5417,n/a,n/a,n/a,n/a,47.6364,n/a,n/a,n/a,n/a,n/a,n/a
64,3,3,512,128,128,2,2,5241.75,101.5,93.625,101.2,92.375,n/a,n/a,n/a,n/a,98.6667,n/a,n/a,n/a,n/a,n/a,n/a
128,3,3,512,128,128,2,2,10526.8,124.2,105.4,120.6,101.85,n/a,n/a,n/a,n/a,163.625,n/a,n/a,n/a,n/a,n/a,n/a
256,3,3,512,128,128,2,2,21082,168,124.7,165.813,129.563,n/a,n/a,n/a,n/a,317.25,n/a,n/a,n/a,n/a,n/a,n/a
512,3,3,512,128,128,2,2,42107.3,245.583,178.333,240.333,181.417,n/a,n/a,n/a,n/a,627.25,n/a,n/a,n/a,n/a,n/a,n/a
32,3,3,3,256,256,2,2,70.5625,2.39234,2.27149,2.37204,2.30415,n/a,n/a,n/a,n/a,85.9583,n/a,n/a,n/a,n/a,n/a,n/a
64,3,3,3,256,256,2,2,142.063,3.06902,2.76243,3.05488,2.75962,n/a,n/a,n/a,n/a,178.167,n/a,n/a,n/a,n/a,n/a,n/a
128,3,3,3,256,256,2,2,284.625,6.03012,4.55455,5.77011,4.51126,n/a,n/a,n/a,n/a,359.25,n/a,n/a,n/a,n/a,n/a,n/a
256,3,3,3,256,256,2,2,571.75,15.4773,12.8526,15.4015,12.9872,n/a,n/a,n/a,n/a,723.75,n/a,n/a,n/a,n/a,n/a,n/a
512,3,3,3,256,256,2,2,1135.25,30.5588,27.1842,30.6324,27.3421,n/a,n/a,n/a,n/a,1477.25,n/a,n/a,n/a,n/a,n/a,n/a
32,3,3,32,256,256,2,2,612.25,37.2143,33.2969,37.4464,33.7333,n/a,n/a,n/a,n/a,89.3333,n/a,n/a,n/a,n/a,n/a,n/a
64,3,3,32,256,256,2,2,1225,42.3542,34.3833,42.0208,34.9167,n/a,n/a,n/a,n/a,183.5,n/a,n/a,n/a,n/a,n/a,n/a
128,3,3,32,256,256,2,2,2428.75,51.9,39.3269,52.075,40.4808,n/a,n/a,n/a,n/a,366.25,n/a,n/a,n/a,n/a,n/a,n/a
256,3,3,32,256,256,2,2,4879,70.9375,48.0909,71.7143,48.8409,n/a,n/a,n/a,n/a,752.5,n/a,n/a,n/a,n/a,n/a,n/a
512,3,3,32,256,256,2,2,9824.25,104.55,66.4063,104.55,65.0938,n/a,n/a,n/a,n/a,1494.5,n/a,n/a,n/a,n/a,n/a,n/a
32,3,3,64,256,256,2,2,1290.75,60.6667,50.95,60.2222,50.875,n/a,n/a,n/a,n/a,92.3333,n/a,n/a,n/a,n/a,n/a,n/a
64,3,3,64,256,256,2,2,2554,69.2188,54.175,68.8125,54.6,n/a,n/a,n/a,n/a,185.25,n/a,n/a,n/a,n/a,n/a,n/a
128,3,3,64,256,256,2,2,5108.25,87.125,63.5,86.875,61.0833,n/a,n/a,n/a,n/a,370.625,n/a,n/a,n/a,n/a,n/a,n/a
256,3,3,64,256,256,2,2,10197,116.8,74.9643,115.8,74.8214,n/a,n/a,n/a,n/a,746.75,n/a,n/a,n/a,n/a,n/a,n/a
512,3,3,64,256,256,2,2,20550.3,170.5,105.8,168.917,104.1,n/a,n/a,n/a,n/a,1498.25,n/a,n/a,n/a,n/a,n/a,n/a
32,3,3,128,256,256,2,2,2594.75,126.375,103.5,124.8,103.65,n/a,n/a,n/a,n/a,95.75,n/a,n/a,n/a,n/a,n/a,n/a
64,3,3,128,256,256,2,2,5163,142,107.65,141.875,111.05,n/a,n/a,n/a,n/a,198.417,n/a,n/a,n/a,n/a,n/a,n/a
128,3,3,128,256,256,2,2,10327.5,171.75,120.65,170.333,122.6,n/a,n/a,n/a,n/a,375.125,n/a,n/a,n/a,n/a,n/a,n/a
256,3,3,128,256,256,2,2,20729.8,223.083,145.25,220.417,146.5,n/a,n/a,n/a,n/a,761,n/a,n/a,n/a,n/a,n/a,n/a
512,3,3,128,256,256,2,2,41579,326.375,199.167,312.75,202.167,n/a,n/a,n/a,n/a,1524.75,n/a,n/a,n/a,n/a,n/a,n/a
32,3,3,256,256,256,2,2,5254.25,226.417,183.083,225.75,177.417,n/a,n/a,n/a,n/a,115.9,n/a,n/a,n/a,n/a,n/a,n/a
64,3,3,256,256,256,2,2,10497.3,260.5,195.083,258,189.333,n/a,n/a,n/a,n/a,240.167,n/a,n/a,n/a,n/a,n/a,n/a
128,3,3,256,256,256,2,2,21011.3,315.625,215.583,308.625,213.5,n/a,n/a,n/a,n/a,434.25,n/a,n/a,n/a,n/a,n/a,n/a
256,3,3,256,256,256,2,2,42009.5,397.5,259.375,398.625,263.25,n/a,n/a,n/a,n/a,857.25,n/a,n/a,n/a,n/a,n/a,n/a
512,3,3,256,256,256,2,2,84029.8,578.75,368.125,568,359.25,n/a,n/a,n/a,n/a,1755.75,n/a,n/a,n/a,n/a,n/a,n/a
32,3,3,512,256,256,2,2,10535.5,439.875,356.25,434.25,356.5,n/a,n/a,n/a,n/a,182.667,n/a,n/a,n/a,n/a,n/a,n/a
64,3,3,512,256,256,2,2,20989.5,504.75,376.875,495.5,376.75,n/a,n/a,n/a,n/a,364,n/a,n/a,n/a,n/a,n/a,n/a
128,3,3,512,256,256,2,2,42094.5,607.25,428.75,600.5,427.75,n/a,n/a,n/a,n/a,634.75,n/a,n/a,n/a,n/a,n/a,n/a
256,3,3,512,256,256,2,2,84411.3,756,514.25,767.75,514.5,n/a,n/a,n/a,n/a,1279,n/a,n/a,n/a,n/a,n/a,n/a
