wCount,wRows,wCols,wChls,yRows,yCols,vStride,hStride,ForLoopConvolution,UnrolledInputConv_rIrFrO,UnrolledInputConv_rIrFcO,UnrolledInputConv_rIfFrO,UnrolledInputConv_rIfFcO,UnrolledInputConv_cIrFrO,UnrolledInputConv_cI                                                                                                          rFcO,UnrolledInputConv_cIfFrO,UnrolledInputConv_cIfFcO,UnrolledOutputConvolution,UnrolledInputImplicitInPaddingConvolution,UnrolledInputExplicitOutPaddingConvolution,UnrolledInputExplicitPaddingConvolution,PartiallyUnrolledInputImplicitInPaddingConvolution,VirtuallyUnrolledInputExplicitOutPaddingConvolution,VirtuallyUnrolledInputExplicitPaddingConvolution
32,3,3,3,4,4,1,1,1.87052,0.075188,0.0799616,0.0756201,0.0765345,blas_bug,0.106906,0.10421,0.103584,0.565311,0.0532538,0.066454,0.0782595,0.101771,0.120366,0.127577
64,3,3,3,4,4,1,1,3.71407,0.116686,0.125976,0.117897,0.120077,blas_bug,0.154131,0.147623,0.14828,1.11969,0.0829325,0.111682,0.123518,0.153563,0.192124,0.206612
128,3,3,3,4,4,1,1,7.42794,0.204039,0.225372,0.206057,0.210924,blas_bug,0.253343,0.23596,0.238987,2.23438,0.141764,0.201005,0.212718,0.256674,0.336902,0.365036
256,3,3,3,4,4,1,1,14.8676,0.381326,0.425532,0.382555,0.392392,blas_bug,0.453902,0.412448,0.42042,4.47589,0.260114,0.381098,0.39293,0.471698,0.632238,0.688981
512,3,3,3,4,4,1,1,29.7294,0.731725,0.845439,0.733284,0.753313,blas_bug,0.873647,0.76311,0.781719,9.63019,0.499102,0.429074,0.428449,0.9163,1.24378,1.34906
32,3,3,32,4,4,1,1,18.2036,0.460589,0.502915,0.469671,0.468697,blas_bug,1.02834,1.01602,0.993849,0.749102,0.460166,0.5831,0.702809,0.349058,0.482915,0.422908
64,3,3,32,4,4,1,1,36.4,0.290418,0.338295,0.285714,0.308642,blas_bug,0.940414,0.870609,0.892157,1.45275,0.463333,0.614373,0.743491,0.644144,0.906341,0.78959
128,3,3,32,4,4,1,1,72.7714,0.544662,0.645161,0.530647,0.55371,blas_bug,1.21898,1.12081,1.16134,2.94588,0.716905,1.03644,1.14862,1.19689,1.7486,1.51848
256,3,3,32,4,4,1,1,145.525,1.03971,1.25945,1.02623,1.06759,blas_bug,1.85519,1.60577,1.65347,6.21975,1.28256,1.88792,2.03293,2.3684,3.48056,3.02349
512,3,3,32,4,4,1,1,291.4,2.3106,2.90405,2.48905,2.27545,blas_bug,3.4993,3.09568,2.75934,13.5514,2.77747,4.12541,4.13223,4.86214,3.72519,5.52418
32,3,3,64,4,4,1,1,36.15,0.312954,0.336022,0.30656,0.301568,blas_bug,1.5036,1.56563,1.46862,0.924769,0.653133,0.785557,1.10752,0.62956,0.890925,0.755891
64,3,3,64,4,4,1,1,72.2857,0.544989,0.670588,0.541712,0.550661,blas_bug,1.8348,1.76961,1.7116,1.86468,0.894991,1.21211,1.46064,1.18697,1.69627,1.43266
128,3,3,64,4,4,1,1,144.55,1.08848,1.29152,1.05953,1.06034,blas_bug,2.5055,2.24063,2.26923,3.86462,1.42102,2.07967,2.27727,2.26516,3.334,2.81573
256,3,3,64,4,4,1,1,289.4,2.3782,2.785,2.30876,2.10546,blas_bug,3.9746,3.68235,3.29145,8.11774,2.79888,3.97302,4.29573,4.71495,3.75373,5.16907
512,3,3,64,4,4,1,1,579.2,4.69346,6.55065,5.05253,4.58807,blas_bug,7.76462,6.28375,5.82209,16.77,5.89412,8.0381,8.5678,4.70748,7.27101,6.00952
32,3,3,128,4,4,1,1,72.0857,0.595374,0.668717,0.568942,0.574828,blas_bug,3.01446,2.94235,2.98036,1.32891,1.27157,1.56304,2.13234,1.1844,1.7116,1.42131
64,3,3,128,4,4,1,1,144.125,1.08078,1.2602,1.07131,1.04749,blas_bug,3.73507,3.52535,3.40748,2.68556,1.81522,2.35849,2.97798,2.25202,3.31656,2.75495
128,3,3,128,4,4,1,1,288.55,2.35117,2.7544,2.1211,2.11519,blas_bug,5.17216,4.56727,4.48304,5.76818,2.92456,4.27863,4.65463,4.42478,3.66861,4.98218
256,3,3,128,4,4,1,1,577.3,4.80962,5.55934,4.52432,4.17333,blas_bug,7.97187,6.94861,6.62763,12.15,5.47391,7.95556,8.44,4.81154,7.40735,5.82791
512,3,3,128,4,4,1,1,1155,9.74038,12.6675,10.114,9.36667,blas_bug,15.5152,12.4,11.6558,24.1286,11.3659,16.3935,16.6161,9.16727,14.5943,11.2956
32,3,3,256,4,4,1,1,144,1.16102,1.24158,1.12867,1.1147,blas_bug,5.95952,5.99524,6.01786,2.23393,2.48366,3.20637,4.19167,2.37773,3.47292,2.85625
64,3,3,256,4,4,1,1,292.65,2.28136,2.41594,2.19737,2.13149,blas_bug,7.14789,7.09859,6.96027,4.52703,3.72444,4.88932,6.08554,4.46696,3.61007,4.74151
128,3,3,256,4,4,1,1,577.1,4.81923,5.32553,4.47321,4.11803,blas_bug,10.052,9.40741,8.78246,9.81373,5.98452,8.7,9.45094,5.031,7.26522,5.97024
256,3,3,256,4,4,1,1,1154.5,9.30182,10.8085,8.81754,8.21613,blas_bug,16.2688,13.7216,13.2684,20.2423,10.7128,15.8812,16.629,9.32407,14.6343,11.2156
512,3,3,256,4,4,1,1,2309.1,19.25,25.44,18.8926,17.8862,blas_bug,30.9706,24.2905,22.8304,42.575,21.9625,30.9941,31.525,18.1714,28.7889,21.8565
32,3,3,512,4,4,1,1,289.1,2.38429,2.7478,2.30507,2.34533,blas_bug,12.2488,11.9595,11.7628,4.16667,5.39247,6.55974,8.84912,4.65463,3.7037,5.00594
64,3,3,512,4,4,1,1,578.8,4.48482,4.84038,4.38087,4.33707,blas_bug,14.4257,14.56,13.6622,8.51356,7.72462,9.9451,12.2244,4.68224,6.97639,5.50769
128,3,3,512,4,4,1,1,1174.9,9.59434,10.6479,8.30164,8.43,blas_bug,20.692,18.5444,17.531,17.4862,12.2951,16.7933,19.5192,9.63962,14.5257,11.707
256,3,3,512,4,4,1,1,2315.4,18.0071,22.087,16.87,16.329,blas_bug,31.5588,27.0684,25.695,35.7067,21.9292,30.1824,32.225,19.0556,29.3111,22.6565
512,3,3,512,4,4,1,1,4631.5,38.0643,52.23,35.62,34.3333,blas_bug,61.5444,46.0182,45.9273,70.725,44.4917,61.9556,64.6625,37.9786,60.2111,46.3909
32,3,3,3,8,8,1,1,7.46418,0.278862,0.281486,0.279955,0.278707,blas_bug,0.288466,0.293717,0.285502,1.43524,0.166556,0.172414,0.212357,0.278862,0.305437,0.337973
64,3,3,3,8,8,1,1,14.8529,0.446696,0.453811,0.447317,0.440917,blas_bug,0.453993,0.45505,0.447717,2.864,0.276243,0.316319,0.356125,0.485063,0.542625,0.610989
128,3,3,3,8,8,1,1,29.7118,0.772685,0.790047,0.773994,0.774303,blas_bug,0.796815,0.789274,0.78125,5.4989,0.497512,0.256199,0.291832,0.915356,1.0227,1.1588
256,3,3,3,8,8,1,1,59.4778,0.511554,0.516839,0.509786,0.505865,blas_bug,0.524423,0.521481,0.51408,12.7975,0.32601,0.45349,0.506174,1.77972,2.01205,2.28539
512,3,3,3,8,8,1,1,118.94,0.902162,0.920994,0.921731,0.89375,blas_bug,0.928015,0.897312,0.909455,27.1316,0.598445,0.856336,0.929128,3.51119,3.97619,4.53063
32,3,3,32,8,8,1,1,72.8143,0.627729,0.621891,0.621118,0.59952,blas_bug,1.70578,1.80863,1.67659,1.80072,0.869271,0.717504,1.19381,1.23911,1.5139,1.43937
64,3,3,32,8,8,1,1,147.325,1.07823,1.11403,1.05953,1.06285,blas_bug,2.22756,2.16164,2.1625,3.62971,1.15369,1.14943,1.57642,2.30138,2.85455,2.71739
128,3,3,32,8,8,1,1,291.05,2.03659,2.05615,2.05041,1.94981,blas_bug,3.19809,3.06098,3.07853,7.41618,1.75,2,2.41836,4.44071,2.03415,2.1084
256,3,3,32,8,8,1,1,589.3,3.95984,4.03871,3.93858,3.75,blas_bug,5.12857,5.23646,4.84135,16.2258,3.0259,3.94961,4.26949,3.53592,3.76917,4.10164
512,3,3,32,8,8,1,1,1180.2,8.0873,8.49492,8.34167,7.64545,blas_bug,9.58491,9.47736,8.87368,33.82,6.03976,7.84375,8.3541,7.05352,7.65455,7.67273
32,3,3,64,8,8,1,1,144.625,1.11425,1.21655,1.10642,1.14315,blas_bug,3.44828,3.40816,3.41156,2.23705,1.75965,1.38287,2.38619,2.31106,2.86286,2.63263
64,3,3,64,8,8,1,1,289.1,2.13718,2.13234,2.05287,1.99203,blas_bug,4.47143,4.45398,4.26356,4.49911,2.37441,2.23214,3.25974,4.30513,1.9543,1.89094
128,3,3,64,8,8,1,1,578.3,3.95118,4.19667,3.88837,3.85462,blas_bug,6.48333,6.33418,6.13537,9.63208,3.57429,4.17167,4.97426,3.39122,3.63116,3.7609
256,3,3,64,8,8,1,1,1157.7,8.1371,8.22131,8.01111,7.46567,blas_bug,10.5479,10.5542,9.85882,20.0577,6.35063,7.94921,8.69828,6.89726,7.17286,7.17143
512,3,3,64,8,8,1,1,2316.9,15.775,16.98,16.2839,15.2853,blas_bug,19.8385,18.2536,17.6138,41.7385,11.8744,15.2848,16.5484,12.5075,14.5857,13.9568
32,3,3,128,8,8,1,1,291.9,2.11688,2.23661,2.11519,2.15905,blas_bug,6.87945,6.90959,6.89452,3.23032,3.53916,2.96982,4.9802,4.45752,2.004,1.80578
64,3,3,128,8,8,1,1,576.5,3.97559,4.24322,3.98095,3.92891,blas_bug,8.80526,8.93214,8.49661,6.78378,4.76667,4.92549,6.64474,3.348,3.57143,3.41973
128,3,3,128,8,8,1,1,1154.4,7.95397,8.26393,7.91875,7.72154,blas_bug,13.2763,12.68,12.53,13.9972,7.27826,8.52712,10.3796,6.4,7.39265,6.67333
256,3,3,128,8,8,1,1,2309.6,15.3727,16.5355,15.6406,14.6429,blas_bug,21.7783,20.3,20,27.9778,13.2263,15.3182,17.7448,12.5268,14.0222,13.4447
512,3,3,128,8,8,1,1,4618.4,31.4824,34.0667,30.6588,30.1118,blas_bug,38.6385,35.9429,35.2533,57.3778,23.6818,29.7882,31.7375,25.07,28.3778,25.875
32,3,3,256,8,8,1,1,575.9,4.27436,4.61743,4.33966,4.4,blas_bug,14.4571,14.3639,13.9528,5.43587,7.13239,6.43333,9.94314,3.61367,3.72519,3.5035
64,3,3,256,8,8,1,1,1153.9,7.94444,8.11774,8.29508,7.81406,blas_bug,17.5655,17.9071,17.6345,11.1467,9.57736,9.83725,13.4316,6.48333,7.37971,6.49481
128,3,3,256,8,8,1,1,2308.8,15.9781,16.1323,15.5303,15.2176,blas_bug,26.8316,25.2333,24.1429,22.1087,14.3657,16.78,20.016,12.6275,14.4229,12.8718
256,3,3,256,8,8,1,1,4615.7,31.45,32.575,29.7471,29.7412,blas_bug,41.7,39.3923,40.1385,45.65,24.3429,30.2412,34.26,25.515,28.0722,25.195
512,3,3,256,8,8,1,1,9235.4,61.6667,68.75,61.2111,60.0556,blas_bug,78.6714,70.675,70.2875,89.9333,45.4,59.6111,65.5375,48.7091,56.6556,50.6
32,3,3,512,8,8,1,1,1156.5,8.79655,9.06607,8.82456,8.51525,blas_bug,27.1316,27.0316,26.6263,9.95686,14.2472,12.361,19.9846,6.90959,7.64091,6.63684
64,3,3,512,8,8,1,1,2314.4,15.9313,16.8833,15.5758,16.0344,blas_bug,34.4867,35.0333,34.6333,18.8741,19.0259,19.137,26.5579,12.8949,14.3429,12.505
128,3,3,512,8,8,1,1,4628.6,30.9941,32.0187,30.3353,31.6062,blas_bug,50.58,50.52,49.8,37.6786,28.65,32.8,40.6615,25.495,28.2444,25.34
256,3,3,512,8,8,1,1,9259,61.5667,64.175,59.4333,59.7889,blas_bug,83.5167,78.4,78.5286,76.8286,48.6091,61.3111,68.85,49.2364,56.4222,51.2
512,3,3,512,8,8,1,1,18521.3,122.18,137.275,123.18,119.64,blas_bug,155.05,140.65,138.65,157.025,90.7667,116.38,123.12,97.0333,113.54,103.3
32,3,3,3,16,16,1,1,29.8353,1.08207,1.08013,1.08268,1.07656,blas_bug,0.913686,0.952762,0.910364,3.88062,0.634898,0.568523,0.712963,1.00582,0.99246,1.13122
64,3,3,3,16,16,1,1,59.4111,0.825413,0.82603,0.82798,0.818494,blas_bug,0.637357,0.66885,0.631818,8.87719,0.461347,0.392852,0.539374,1.88943,1.82847,2.11224
128,3,3,3,16,16,1,1,118.86,1.2681,1.18298,1.2285,1.17741,blas_bug,1.01091,1.04167,1.01789,19.4259,0.708499,0.69986,0.863276,3.59643,3.54296,4.10738
256,3,3,3,16,16,1,1,237.9,1.93822,1.98929,1.92692,1.99522,blas_bug,1.82109,1.75684,1.80144,39.7308,1.20773,1.32032,1.50841,7.14085,7.04648,8.18226
512,3,3,3,16,16,1,1,475.8,3.71111,3.94016,3.68088,3.88295,blas_bug,3.76391,3.50909,3.70889,80.0714,2.35991,2.9716,3.03576,6.724,5.12222,8.28852
32,3,3,32,16,16,1,1,291.35,2.6267,2.53737,2.56872,2.51759,blas_bug,4.64537,4.84327,4.65413,5.29474,3.43014,2.05533,3.87154,4.79429,1.79355,1.90456
64,3,3,32,16,16,1,1,582.3,4.39561,4.39825,4.41228,4.33621,blas_bug,6.51429,6.82973,6.4641,11.7,4.51532,3.56525,5.16939,3.28562,3.12938,3.53169
128,3,3,32,16,16,1,1,1164.4,8.2541,8.26557,8.20164,8.09355,blas_bug,10.4959,10.425,10.7213,24.2571,7.10141,6.53766,8.06032,6.11707,6.04167,6.69067
256,3,3,32,16,16,1,1,2328.8,15.5182,16.271,15.95,15.5333,blas_bug,17.8929,18.2786,18.0429,46.4727,12.6375,12.3463,13.6649,12.0214,11.7605,13.1974
512,3,3,32,16,16,1,1,4662.7,31.0294,31.2688,30.8118,30.2647,blas_bug,33.8188,33.2188,32.4312,96.1667,22.4739,24.0524,25.025,23.6773,24.5905,26.8
32,3,3,64,16,16,1,1,578.5,4.60826,5.07879,4.64815,4.97921,blas_bug,9.85294,9.84038,9.40185,7.02361,7.1,4.54636,7.86406,3.26993,3.08889,3.32252
64,3,3,64,16,16,1,1,1156.6,8.17419,8.8386,8.20328,8.65517,blas_bug,13.3921,13.4711,12.9538,14.62,9.77885,7.12535,10.9326,5.63933,6.14512,6.04643
128,3,3,64,16,16,1,1,2313.2,15.6667,15.9906,15.9344,15.6625,blas_bug,20.828,20.5,20.236,29.2056,14.54,12.93,16.0125,11.1689,11.3636,12.0071
256,3,3,64,16,16,1,1,4631.3,30.7882,31.4059,31.3235,29.8529,blas_bug,35.9133,35.84,34.9467,59.7556,24.0455,23.4773,27.0158,21.6083,23.7636,23.3409
512,3,3,64,16,16,1,1,9265.1,59.1889,61.0333,59.9222,59.8889,blas_bug,64.825,64.5875,63.3,111.24,43.6917,46.4818,49.6455,43.1667,47.2455,47.9273
32,3,3,128,16,16,1,1,1153,8.97143,9.38333,9.01429,9.17636,blas_bug,18.8222,19.25,19.3654,10.146,14.8029,8.97679,16.1452,5.88941,6.03133,5.97857
64,3,3,128,16,16,1,1,2306.4,15.6906,16.9633,16.0594,16.0688,blas_bug,26.325,26.48,25.315,20.716,19.037,14.5286,21.4083,10.6681,11.4818,11.2533
128,3,3,128,16,16,1,1,4617.3,30.5706,30.9294,30.6,30.9059,blas_bug,39.8692,40.4077,39.3846,41.1923,28.4278,25.895,32.5312,21.112,22.0609,22.6174
256,3,3,128,16,16,1,1,9240.4,59.8889,60.0889,59.9333,59.7,blas_bug,70.1125,70.4,68.7875,83.7429,47.6273,47.2727,53.93,41.5154,45.2333,45.6917
512,3,3,128,16,16,1,1,18482.5,116.72,120.8,118.66,116.32,blas_bug,132,127.975,127.725,167.933,84.8333,91.0667,97.9167,80.3286,86.6833,89.8
32,3,3,256,16,16,1,1,2303.8,17.5138,18.675,17.0833,18.1214,blas_bug,36.9143,38.5462,37.2286,16.3968,29.1667,19.1407,32.3875,12.0071,12.1357,11.6465
64,3,3,256,16,16,1,1,4613.8,31.0529,31.75,31.4937,32.3563,blas_bug,52.26,52.5,50.79,33.6867,38.4571,28.9222,42.45,21.8,23.1045,22.1478
128,3,3,256,16,16,1,1,9236.6,61.0444,62.95,60.7889,60.8778,blas_bug,84.9833,84.3167,80.3286,66.95,57.8,51.15,65.0625,41.8,45.5545,45.0583
256,3,3,256,16,16,1,1,18473.2,119.48,122.64,118.08,117.44,blas_bug,144.425,140.275,135.925,133.225,94.35,92.8667,106.6,81.1143,90.3,87.2833
512,3,3,256,16,16,1,1,36950.8,232.833,241.4,238.767,232.4,blas_bug,263.15,253.75,250,258.8,168.6,180.1,195.067,155.575,176.867,175.6
32,3,3,512,16,16,1,1,4623.6,35.8733,35.42,34.5467,34.24,blas_bug,76.6143,77.3857,73.7857,29.7,55.7,33.5267,62.95,25.475,25.495,24.4333
64,3,3,512,16,16,1,1,9257.5,64.275,63.975,62.5375,62.5125,blas_bug,100.96,102.5,100.4,58.1111,77.3857,55.9444,83.9167,43.8583,46.3,46.2091
128,3,3,512,16,16,1,1,18515.4,120.2,122.4,119.6,119.4,blas_bug,160.05,163.925,160.875,114.54,114.4,98.2833,125.525,85.3167,90.9833,87.35
256,3,3,512,16,16,1,1,37026,236.167,241.833,234.567,239.433,blas_bug,280.4,278.75,273.6,227.033,186.167,183.7,213.167,157.775,183.433,175.933
512,3,3,512,16,16,1,1,74062,459.45,476.95,459.8,464.25,blas_bug,511.4,506.9,501.6,449.1,348.55,355.65,388.2,306.45,342.3,341.55
32,3,3,3,32,32,1,1,119.54,2.52727,2.48856,2.54467,2.46404,blas_bug,1.36885,1.47009,1.3147,15.0324,1.32058,0.751502,1.40449,3.94016,3.62464,4.17083
64,3,3,3,32,32,1,1,237.7,3.31523,3.26169,3.31391,3.27792,blas_bug,2.11134,2.21726,2.11092,30.6765,1.85444,1.36485,1.95603,7.40735,6.76081,7.86875
128,3,3,3,32,32,1,1,475.45,5.47717,5.14286,5.32447,5.10714,blas_bug,4.012,4.28291,3.96905,61.2889,3.38176,3.11304,3.62681,7.35294,5.25312,8.35
256,3,3,3,32,32,1,1,951.6,9.67308,8.74655,9.56415,8.79825,blas_bug,7.76308,8.36833,7.85231,114.7,6.14878,6.06506,6.82568,19.3593,16.3323,21.7391
512,3,3,3,32,32,1,1,1903.1,16.72,15.9375,16.8833,16.1313,blas_bug,15.2,15.2758,15.2545,245,10.7106,11.7163,11.9429,37.7,33.0562,41.8
32,3,3,32,32,32,1,1,1165.3,11.0261,11.2556,10.8848,11.2933,blas_bug,14.8706,16.2516,14.5314,19.0481,15.7906,8.50169,15.3121,6.70267,6.23086,6.66933
64,3,3,32,32,32,1,1,2329.6,18.1214,18.3464,19.063,18.5464,blas_bug,22.1043,24.0045,21.4917,37.1143,20.156,13.3947,19.9385,12.57,11.7605,12.6575
128,3,3,32,32,32,1,1,4657.9,33.7067,33.3687,33.2313,32.5125,blas_bug,37.1214,38.7923,35.9214,75.7143,29.4882,24.0762,30.7118,25.93,23.7318,25.96
256,3,3,32,32,32,1,1,9318.4,62.3111,62.6,63.475,62.975,blas_bug,64.6625,70.625,66.15,149.85,51.05,44.725,51.75,48.9273,47.3182,51.18
512,3,3,32,32,32,1,1,18652.1,120.38,121.24,120.52,120.32,blas_bug,124.4,126.925,126.15,285.75,87.45,86.3833,91.0667,92.5833,90.15,98.7
32,3,3,64,32,32,1,1,2314.2,19.9385,19.9115,19.4115,20.188,blas_bug,28.9889,34.5733,29.5588,23.819,32.8937,17.3793,31.3625,12.8897,11.8419,12.2548
64,3,3,64,32,32,1,1,4627.1,34.3533,33.9133,33.4733,34.0867,blas_bug,42.7083,47.3,42.5917,48.3091,41.6231,26.8684,39.6846,23.5182,22.5304,23.8952
128,3,3,64,32,32,1,1,9257.1,65.775,63.875,63.5375,63.425,blas_bug,72.1,77.2429,72.5,95.5833,59.4556,46.9182,60.8111,45.5417,44.65,48.2182
256,3,3,64,32,32,1,1,18527,124,120.18,119.52,118.8,blas_bug,131.05,132.1,129.75,190.767,96.1167,86.9833,100.96,84.0833,86.3333,89.4
512,3,3,64,32,32,1,1,37073.4,239.133,234.767,233.967,230.5,blas_bug,244.033,250.5,247.433,360.15,172.2,167.725,179.967,162.375,169,181.067
32,3,3,128,32,32,1,1,4612.9,37.5071,38.5154,36.9,37.35,blas_bug,55.8444,67.1,55.5778,34.56,65.15,32.9625,61.6778,26.3579,24.6571,25.325
64,3,3,128,32,32,1,1,9229.5,64.175,64.6,64.025,65.0625,blas_bug,83.5333,95.3167,84.3,69,83.1429,52.81,80.5429,45.7818,44.05,44.7167
128,3,3,128,32,32,1,1,18471.3,121.16,122.66,122.76,123.56,blas_bug,144,151.1,140.575,137.3,118.16,92.4,124.3,84.9667,84.7833,84.8333
256,3,3,128,32,32,1,1,36966.9,235.233,237.567,235.5,235.167,blas_bug,259,257.6,257.4,274.25,189.767,168.367,198.467,157.4,163.7,174.033
512,3,3,128,32,32,1,1,74825.6,457.05,469.1,456.55,457,blas_bug,478.95,490.75,482.3,516.7,332.05,325.8,359,306.35,323.9,330.45
32,3,3,256,32,32,1,1,9224.9,73.1143,73.7714,73.8,73.4429,blas_bug,107.24,130.05,111.12,56.45,130,67.575,121.88,56.1,54.4,52.89
64,3,3,256,32,32,1,1,18444.3,126.95,130.075,126.725,129.85,blas_bug,164.2,188.3,165.875,109.68,167.5,104.14,160.425,93.3333,87.6333,89.5667
128,3,3,256,32,32,1,1,36905.2,241.3,243.233,239.967,239.133,blas_bug,281.45,302.85,278.4,226.767,234.633,184.233,238.267,166.867,171.133,167.225
256,3,3,256,32,32,1,1,73812.5,463.5,468.2,465.9,469.15,blas_bug,500.8,535.8,510.1,434.9,374.25,334.55,395.85,309.85,330.5,330.05
512,3,3,256,32,32,1,1,149663,929.9,930.9,906.6,918.5,blas_bug,968.4,954,965.5,881.4,684.5,664.4,713.1,602.3,634.6,635.1
32,3,3,512,32,32,1,1,18497.1,146.525,142.75,146.025,142.3,blas_bug,214.767,261.6,216,98.45,259.7,131.925,245.667,109.94,103.32,100.367
64,3,3,512,32,32,1,1,37039,255.7,257.05,251.85,257.5,blas_bug,323.55,377.9,329.2,195.867,326.15,204.867,314.55,181.433,176.4,179.9
128,3,3,512,32,32,1,1,74072.5,485.6,480.55,477.3,475.9,blas_bug,560.7,594.6,551.9,382.65,455.6,364.1,475.65,319.7,329,326.6
256,3,3,512,32,32,1,1,148151,921.5,931.7,920,924.7,blas_bug,1011.2,1062.9,999.5,784.9,754.3,682.3,788.3,616.3,645.5,648.9
512,3,3,512,32,32,1,1,297113,1821.7,1848.5,1813.9,1828.1,blas_bug,1918.8,1931.1,1914.7,1520.9,1338.3,1311.6,1425,1193.2,1275.6,1281
32,3,3,3,64,64,1,1,475.5,11.5773,10.3714,11.7512,10.3408,blas_bug,4.98515,6.692,4.98218,52.83,6.68133,4.49643,6.96301,8.53898,7.75231,9.61538
64,3,3,3,64,64,1,1,950.8,15.8688,14.2972,16.0312,14.2028,blas_bug,8.78421,10.9065,8.66034,105.94,9.73077,7.59545,10.7085,24.0571,20.8417,25.69
128,3,3,3,64,64,1,1,1901.7,25.135,20.956,24.5429,20.9833,blas_bug,16.1594,20.196,15.7,211.5,15.6687,14.4371,16.4161,51.4,45.5417,54.06
256,3,3,3,64,64,1,1,3807.1,38.6154,34.7933,39.7,35.3867,blas_bug,29.9824,34.58,30.1353,410.5,25.77,24.5667,26.6895,91.95,78.4,95.1
512,3,3,3,64,64,1,1,7611.8,68.6875,63.5125,66.975,62.6,blas_bug,58.6444,61.8778,58.6222,761.1,44.4,44.4833,47.0182,152.025,124.9,163.725
32,3,3,32,64,64,1,1,4660.8,47.0818,41.7417,46.4545,42.4917,blas_bug,45.4417,60.6111,45.6273,66.7625,67.6625,31.8562,58.5889,35.9357,31.2563,33.98
64,3,3,32,64,64,1,1,9317.9,77.0429,71.7714,74.5429,70.6625,blas_bug,73.9143,86.65,75.3857,127.475,83.95,49.5545,77.2571,57.4111,52.19,55.9
128,3,3,32,64,64,1,1,18631.6,133.275,128.05,133.475,127.15,blas_bug,130.1,145.825,133.7,247.633,120.84,89.7333,116.46,107.46,103.84,108.52
256,3,3,32,64,64,1,1,37275.3,254.15,248.2,253.4,246.2,blas_bug,248.233,265,248.667,521.7,192.233,169.833,192.233,193.5,177.733,200.467
512,3,3,32,64,64,1,1,74624.3,483.8,487.55,482.65,479.55,blas_bug,477.05,496.6,483.45,989.1,352.05,329.55,354.3,369.15,347,378.5
32,3,3,64,64,64,1,1,9257.4,80.0429,78.8857,79.4857,76.4571,blas_bug,88.3667,117.08,89.9833,84.25,134.55,64.5375,116.92,61.1667,53.37,56.29
64,3,3,64,64,64,1,1,18509.4,136.25,130.15,136.25,133.575,blas_bug,146.3,169.8,149.725,163.85,161.225,100.52,150.8,97.4833,93.0167,94.2667
128,3,3,64,64,64,1,1,37027.8,248.133,246.067,251.467,245.6,blas_bug,264.2,287.3,254.25,341.95,239.033,175.8,233.067,184.2,181.567,183
256,3,3,64,64,64,1,1,74118.2,474,471.9,473.95,478.35,blas_bug,490.55,505.9,484.6,647.8,381.95,332.5,391.1,340.7,327.75,351.45
512,3,3,64,64,64,1,1,148292,920,934.2,924.2,929.3,blas_bug,960.9,963.2,930,1310.2,685.4,649.5,690.3,646.6,635.4,678.7
32,3,3,128,64,64,1,1,18453,151.15,143.65,157.9,144.075,blas_bug,173.967,233.3,180.033,123.46,265.95,126.7,238.467,108.36,97.9,99.3
64,3,3,128,64,64,1,1,36913.6,256.8,259.1,263.05,259.45,blas_bug,288.05,338.4,287.2,242.533,314.35,199.2,290.8,178.9,171.333,169.2
128,3,3,128,64,64,1,1,74526.5,483,485.65,477.95,477.8,blas_bug,512.7,564.7,502.5,502.6,474.7,356.1,462.05,335.15,327.5,331.9
256,3,3,128,64,64,1,1,147863,924.1,926.7,924.1,922.7,blas_bug,956.7,1010.7,964.7,948.3,737.1,651.6,769.2,641.3,624.3,634.7
512,3,3,128,64,64,1,1,299318,1815.3,1832.7,1815,1830.4,blas_bug,1865.2,1898.9,1860.9,1909.5,1335.4,1280.1,1404.6,1226.6,1233.9,1266.3
32,3,3,256,64,64,1,1,36893.1,299.25,281.9,298.7,282.65,blas_bug,351.4,473.45,353.85,203.7,525.3,252.3,441.25,225.633,205.333,209.8
64,3,3,256,64,64,1,1,73914.7,518.4,507.2,506.1,504.4,blas_bug,574.4,679.7,575.9,403.8,641,393.95,587.7,366.9,344.8,344.05
128,3,3,256,64,64,1,1,148348,967.1,964.5,959.5,954.8,blas_bug,1029.8,1114.2,1035.4,787.3,905.5,716,886.8,662.9,658,659.8
256,3,3,256,64,64,1,1,299265,1851.3,1854,1849.1,1848.6,blas_bug,1918.1,2007.8,1911.7,1575.5,1480.4,1306.6,1476.1,1254.6,1265.8,1267.7
512,3,3,256,64,64,1,1,598565,3630,3651.7,3642.3,3646.9,blas_bug,3730.7,3809.2,3725.5,3152.1,2650.8,2551.4,2736.6,2421.3,2466.5,2478.2
32,3,3,512,64,64,1,1,73972.6,589.5,561.1,584.6,557.3,blas_bug,717.8,922,723.3,370.4,997.8,489.15,877.5,445.9,404.55,409.2
64,3,3,512,64,64,1,1,149779,1017.7,1006.7,1032.9,1008,blas_bug,1148.9,1345.8,1145.3,703.8,1262.3,777.8,1159.1,702.3,677.1,693.8
128,3,3,512,64,64,1,1,298309,1904.7,1907,1902.4,1928.5,blas_bug,2057.1,2238.3,2042,1453.5,1806.7,1396.6,1758.9,1289,1285,1295.8
256,3,3,512,64,64,1,1,593667,3694.2,3695.7,3689.6,3702.6,blas_bug,3840.6,4021.8,3848,2822.9,2892.3,2612.5,2927.8,2461,2482.6,2479
512,3,3,512,64,64,1,1,1.19E+06,7264.2,7299.1,7250.4,7265.7,blas_bug,7458.2,7592.1,7417.5,5747,5298.5,5071.8,5461.3,4787.2,4913.8,4904
32,3,3,3,128,128,1,1,1902,50.06,41.4,50.63,41.3769,blas_bug,18.6444,29.4529,18.9111,178.667,33.5,22.5261,32.6375,82.1714,76.6571,84.85
64,3,3,3,128,128,1,1,3803.5,66.4,58.8222,66.65,57.9,blas_bug,32.3937,42.6333,33.5,355.1,43.3833,32.05,42.6417,114.72,102.92,115.6
128,3,3,3,128,128,1,1,7607.6,100.65,85.25,100.54,84.4167,blas_bug,61.4667,77.9,61.4778,719.4,64.1,55.9,65.675,212.267,183.2,210.4
256,3,3,3,128,128,1,1,15228.2,157.575,138.075,158.8,140.225,blas_bug,117,135.575,117.36,1444.3,100.42,93.15,102.78,360.9,295.85,365.1
512,3,3,3,128,128,1,1,30448.9,265.6,250.967,261.1,257.4,blas_bug,230.333,243.9,230.667,2864.3,171.467,170.433,181.267,591.7,489.5,605.4
32,3,3,32,128,128,1,1,18645.5,185.7,167.5,187.967,168.7,blas_bug,163.5,225.567,161.225,250.55,279.35,125.36,227.367,151.65,137.725,141.275
64,3,3,32,128,128,1,1,37269.6,294.35,284.4,294.35,280.65,blas_bug,280.9,343.9,280.9,473.45,328.8,197.067,306.55,227.4,208.633,220
128,3,3,32,128,128,1,1,74528.4,528.7,513.4,533.8,508.3,blas_bug,515.9,577.7,509.9,953.3,488.15,354.75,453.5,431,396.1,421.8
256,3,3,32,128,128,1,1,150150,990.9,978.6,989.8,971.3,blas_bug,969,1029.8,968,1834.5,768.4,655.1,750.4,766.7,704.2,762.9
512,3,3,32,128,128,1,1,298472,1910.3,1921.6,1909.8,1912.2,blas_bug,1902,1942.2,1927.2,3683.8,1386.6,1278,1391.5,1477.2,1351.9,1487.1
32,3,3,64,128,128,1,1,37299.7,322.45,300.25,322.8,301.3,blas_bug,327.95,447.35,327.8,319.9,525.7,250.767,433.25,242.067,217.467,220.533
64,3,3,64,128,128,1,1,74162.8,541.9,519.5,541.6,530,blas_bug,556.1,659.4,553.4,649.3,636.1,389.45,577.6,384.5,360.95,369.8
128,3,3,64,128,128,1,1,148492,995.1,981,986.2,987.7,blas_bug,1006.5,1104.3,1008,1239.5,927.6,701.4,880.8,742.7,689,716.8
256,3,3,64,128,128,1,1,296440,1897.5,1891.4,1895.6,1890.4,blas_bug,1928.3,2025.5,1921.3,2482.3,1529.2,1307.1,1447.5,1346.2,1290,1345.7
512,3,3,64,128,128,1,1,600015,3697.7,3703.8,3710.9,3693.1,blas_bug,3727.3,3837.4,3729.9,4897.7,2704.1,2528.4,2703.7,2625.2,2514,2654.1
32,3,3,128,128,128,1,1,73806.4,608.6,577.6,603.4,576.6,blas_bug,642.6,873.8,640.3,475.7,1032.3,506.2,844.5,434.75,390.9,398.75
64,3,3,128,128,128,1,1,147636,1029,1016.9,1031.1,1017.8,blas_bug,1100,1302.4,1098.5,911.6,1276.3,763.7,1142.8,709,665.5,678.1
128,3,3,128,128,128,1,1,295551,1918,1918.7,1919,1921.5,blas_bug,1995.6,2191,1991.2,1803.2,1838.7,1402.7,1745.9,1329.9,1271.1,1296.2
256,3,3,128,128,128,1,1,598515,3716,3710.5,3723.1,3713.9,blas_bug,3787,3988.8,3791.8,3602.7,3003.5,2601.6,2894.5,2524.4,2467.2,2527.4
512,3,3,128,128,128,1,1,1.20E+06,7294.4,7312,7272.5,7307.5,blas_bug,7394.1,7556.5,7371.6,mem,5372,5033,5399.6,4922.2,4871.1,4982.6
32,3,3,256,128,128,1,1,147517,mem,mem,mem,mem,blas_bug,mem,mem,mem,776.6,mem,mem,mem,887.9,822.8,828.5
64,3,3,256,128,128,1,1,295583,mem,mem,mem,mem,blas_bug,mem,mem,mem,1496.4,mem,mem,mem,1432.6,1354.4,1356.1
128,3,3,256,128,128,1,1,598490,mem,mem,mem,mem,blas_bug,mem,mem,mem,mem,mem,mem,mem,2644.6,2565.6,2577.7
256,3,3,256,128,128,1,1,1.20E+06,mem,mem,mem,mem,blas_bug,mem,mem,mem,mem,mem,mem,mem,5005,4948.3,4971.5
512,3,3,256,128,128,1,1,mem,mem,mem,mem,mem,blas_bug,mem,mem,mem,mem,n/a,n/a,n/a,n/a,n/a,n/a
32,3,3,512,128,128,1,1,mem,mem,mem,mem,mem,blas_bug,mem,mem,mem,mem,n/a,n/a,n/a,n/a,n/a,n/a
64,3,3,512,128,128,1,1,mem,mem,mem,mem,mem,blas_bug,mem,mem,mem,mem,n/a,n/a,n/a,n/a,n/a,n/a
128,3,3,512,128,128,1,1,mem,mem,mem,mem,mem,blas_bug,mem,mem,mem,mem,n/a,n/a,n/a,n/a,n/a,n/a
256,3,3,512,128,128,1,1,mem,mem,mem,mem,mem,blas_bug,mem,mem,mem,mem,n/a,n/a,n/a,n/a,n/a,n/a
512,3,3,512,128,128,1,1,mem,mem,mem,mem,mem,blas_bug,mem,mem,mem,mem,n/a,n/a,n/a,n/a,n/a,n/a
32,3,3,3,256,256,1,1,7608.2,194.267,161.3,194.867,161.275,blas_bug,73.8571,116.04,73.8,676.2,135.5,89.1167,128.275,322.8,293.55,312.75
64,3,3,3,256,256,1,1,15214.2,250.6,218.867,259,219.433,blas_bug,130.15,176.4,127.225,1358.3,163.2,122.06,158.7,442.65,399.05,454.8
128,3,3,3,256,256,1,1,30429.3,397.85,330.65,395.45,331.3,blas_bug,242.6,316.9,244.2,2740.8,258.65,218.933,251.2,825.5,715.5,828.4
256,3,3,3,256,256,1,1,60899.5,638.4,555.8,616.5,557.5,blas_bug,467.15,563.3,473.35,mem,415.4,369.15,405,1402.1,1152.1,1417.4
512,3,3,3,256,256,1,1,121824,1086.2,1015.7,1057.2,1027.8,blas_bug,913.9,962.8,928.7,mem,722.5,663.5,713.7,2397.6,1894.7,2381.5
32,3,3,32,256,256,1,1,74600.3,739.3,667.9,734.9,670.8,blas_bug,636.3,893.5,621.1,897.6,1037.5,491.55,876.5,603.4,549,561.5
64,3,3,32,256,256,1,1,149125,1195.8,1138.8,1181.2,1148.2,blas_bug,1100.6,1370.8,1091.6,1771.6,1336.6,778.7,1141.2,915.4,818.7,865.3
128,3,3,32,256,256,1,1,299033,2152.5,2089.3,2135,2082.7,blas_bug,2052.4,2265.4,2028,mem,1898.2,1427.6,1744.3,1697.6,1561.8,1662.9
256,3,3,32,256,256,1,1,600452,mem,mem,mem,mem,blas_bug,mem,mem,mem,mem,3123.4,2635.3,3004.4,3069.9,2793,2998.6
512,3,3,32,256,256,1,1,mem,mem,mem,mem,mem,blas_bug,mem,mem,mem,mem,n/a,n/a,n/a,n/a,n/a,n/a
32,3,3,64,256,256,1,1,148153,mem,mem,mem,mem,blas_bug,mem,mem,mem,mem,mem,mem,mem,963.1,860.7,875.3
64,3,3,64,256,256,1,1,298315,mem,mem,mem,mem,blas_bug,mem,mem,mem,mem,mem,mem,mem,1540.6,1436.7,1488.3
128,3,3,64,256,256,1,1,mem,mem,mem,mem,mem,blas_bug,mem,mem,mem,mem,n/a,n/a,n/a,n/a,n/a,n/a
256,3,3,64,256,256,1,1,mem,mem,mem,mem,mem,blas_bug,mem,mem,mem,mem,n/a,n/a,n/a,n/a,n/a,n/a
512,3,3,64,256,256,1,1,mem,mem,mem,mem,mem,blas_bug,mem,mem,mem,mem,n/a,n/a,n/a,n/a,n/a,n/a
32,3,3,128,256,256,1,1,mem,mem,mem,mem,mem,blas_bug,mem,mem,mem,mem,n/a,n/a,n/a,n/a,n/a,n/a
64,3,3,128,256,256,1,1,mem,mem,mem,mem,mem,blas_bug,mem,mem,mem,mem,n/a,n/a,n/a,n/a,n/a,n/a
128,3,3,128,256,256,1,1,mem,mem,mem,mem,mem,blas_bug,mem,mem,mem,mem,n/a,n/a,n/a,n/a,n/a,n/a
256,3,3,128,256,256,1,1,mem,mem,mem,mem,mem,blas_bug,mem,mem,mem,mem,n/a,n/a,n/a,n/a,n/a,n/a
512,3,3,128,256,256,1,1,mem,mem,mem,mem,mem,blas_bug,mem,mem,mem,mem,n/a,n/a,n/a,n/a,n/a,n/a
32,3,3,256,256,256,1,1,mem,mem,mem,mem,mem,blas_bug,mem,mem,mem,mem,n/a,n/a,n/a,n/a,n/a,n/a
64,3,3,256,256,256,1,1,mem,mem,mem,mem,mem,blas_bug,mem,mem,mem,mem,n/a,n/a,n/a,n/a,n/a,n/a
128,3,3,256,256,256,1,1,mem,mem,mem,mem,mem,blas_bug,mem,mem,mem,mem,n/a,n/a,n/a,n/a,n/a,n/a
256,3,3,256,256,256,1,1,mem,mem,mem,mem,mem,blas_bug,mem,mem,mem,mem,n/a,n/a,n/a,n/a,n/a,n/a
512,3,3,256,256,256,1,1,mem,mem,mem,mem,mem,blas_bug,mem,mem,mem,mem,n/a,n/a,n/a,n/a,n/a,n/a
32,3,3,512,256,256,1,1,mem,mem,mem,mem,mem,blas_bug,mem,mem,mem,mem,n/a,n/a,n/a,n/a,n/a,n/a
64,3,3,512,256,256,1,1,mem,mem,mem,mem,mem,blas_bug,mem,mem,mem,mem,n/a,n/a,n/a,n/a,n/a,n/a
128,3,3,512,256,256,1,1,mem,mem,mem,mem,mem,blas_bug,mem,mem,mem,mem,n/a,n/a,n/a,n/a,n/a,n/a
256,3,3,512,256,256,1,1,mem,mem,mem,mem,mem,blas_bug,mem,mem,mem,mem,n/a,n/a,n/a,n/a,n/a,n/a
512,3,3,512,256,256,1,1,mem,mem,mem,mem,mem,blas_bug,mem,mem,mem,mem,n/a,n/a,n/a,n/a,n/a,n/a
32,3,3,3,4,4,2,2,1.86828,0.0742832,0.0787774,0.0748727,0.0756315,blas_bug,n/a,n/a,n/a,0.759484,n/a,n/a,n/a,n/a,n/a,n/a
64,3,3,3,4,4,2,2,3.73582,0.116904,0.126263,0.118399,0.120685,blas_bug,n/a,n/a,n/a,1.51606,n/a,n/a,n/a,n/a,n/a,n/a
128,3,3,3,4,4,2,2,7.47164,0.204666,0.224764,0.206271,0.211013,blas_bug,n/a,n/a,n/a,2.506,n/a,n/a,n/a,n/a,n/a,n/a
256,3,3,3,4,4,2,2,14.9294,0.381756,0.426877,0.382632,0.392314,blas_bug,n/a,n/a,n/a,6.58289,n/a,n/a,n/a,n/a,n/a,n/a
512,3,3,3,4,4,2,2,29.8647,0.731287,0.844013,0.732796,0.753916,blas_bug,n/a,n/a,n/a,17.0833,n/a,n/a,n/a,n/a,n/a,n/a
32,3,3,32,4,4,2,2,18.2893,0.465302,0.509786,0.474668,0.473321,blas_bug,n/a,n/a,n/a,1.02793,n/a,n/a,n/a,n/a,n/a,n/a
64,3,3,32,4,4,2,2,36.5643,0.296443,0.336315,0.30581,0.296795,blas_bug,n/a,n/a,n/a,2.04163,n/a,n/a,n/a,n/a,n/a,n/a
128,3,3,32,4,4,2,2,72.7714,0.555889,0.642436,0.54145,0.545474,blas_bug,n/a,n/a,n/a,4.24322,n/a,n/a,n/a,n/a,n/a,n/a
256,3,3,32,4,4,2,2,145.55,1.04509,1.2602,1.02922,1.07131,blas_bug,n/a,n/a,n/a,10.5583,n/a,n/a,n/a,n/a,n/a,n/a
512,3,3,32,4,4,2,2,291.4,2.28136,3.13937,2.44341,2.23067,blas_bug,n/a,n/a,n/a,22.8261,n/a,n/a,n/a,n/a,n/a,n/a
32,3,3,64,4,4,2,2,36.3286,0.319209,0.358566,0.308513,0.320718,blas_bug,n/a,n/a,n/a,1.43908,n/a,n/a,n/a,n/a,n/a,n/a
64,3,3,64,4,4,2,2,72.3,0.560694,0.639514,0.551378,0.568523,blas_bug,n/a,n/a,n/a,2.83616,n/a,n/a,n/a,n/a,n/a,n/a
128,3,3,64,4,4,2,2,144.575,1.12472,1.30755,1.05729,1.03921,blas_bug,n/a,n/a,n/a,6.41899,n/a,n/a,n/a,n/a,n/a,n/a
256,3,3,64,4,4,2,2,289.45,2.38619,2.80955,2.29772,2.09916,blas_bug,n/a,n/a,n/a,13.7297,n/a,n/a,n/a,n/a,n/a,n/a
512,3,3,64,4,4,2,2,579.1,4.75,6.50779,5.033,4.5945,blas_bug,n/a,n/a,n/a,28.8833,n/a,n/a,n/a,n/a,n/a,n/a
32,3,3,128,4,4,2,2,72.0857,0.629057,0.655105,0.590319,0.585948,blas_bug,n/a,n/a,n/a,2.27545,n/a,n/a,n/a,n/a,n/a,n/a
64,3,3,128,4,4,2,2,144.15,1.07173,1.25175,1.05084,1.0952,blas_bug,n/a,n/a,n/a,4.62385,n/a,n/a,n/a,n/a,n/a,n/a
128,3,3,128,4,4,2,2,288.65,2.37393,2.75714,2.14807,2.20391,blas_bug,n/a,n/a,n/a,9.86471,n/a,n/a,n/a,n/a,n/a,n/a
256,3,3,128,4,4,2,2,577.6,4.66019,5.6,4.56364,4.16917,blas_bug,n/a,n/a,n/a,20.2962,n/a,n/a,n/a,n/a,n/a,n/a
512,3,3,128,4,4,2,2,1155.3,9.65472,13.2053,10.16,8.9875,blas_bug,n/a,n/a,n/a,43.2833,n/a,n/a,n/a,n/a,n/a,n/a
32,3,3,256,4,4,2,2,144.1,1.19809,1.26904,1.20773,1.13895,blas_bug,n/a,n/a,n/a,4.11721,n/a,n/a,n/a,n/a,n/a,n/a
64,3,3,256,4,4,2,2,288.55,2.28995,2.45512,2.20396,2.17662,blas_bug,n/a,n/a,n/a,8.2459,n/a,n/a,n/a,n/a,n/a,n/a
128,3,3,256,4,4,2,2,577.5,4.82019,5.43804,4.32586,4.20756,blas_bug,n/a,n/a,n/a,16.7033,n/a,n/a,n/a,n/a,n/a,n/a
256,3,3,256,4,4,2,2,1155.1,9.34815,11.4886,8.53729,8.49492,blas_bug,n/a,n/a,n/a,34.8,n/a,n/a,n/a,n/a,n/a,n/a
512,3,3,256,4,4,2,2,2312.1,19.4308,27.0053,18.4464,17.7552,blas_bug,n/a,n/a,n/a,70.2625,n/a,n/a,n/a,n/a,n/a,n/a
32,3,3,512,4,4,2,2,289.35,2.40913,2.68182,2.34252,2.36509,blas_bug,n/a,n/a,n/a,7.59851,n/a,n/a,n/a,n/a,n/a,n/a
64,3,3,512,4,4,2,2,579.9,4.56091,4.88252,4.34052,4.3886,blas_bug,n/a,n/a,n/a,15.1758,n/a,n/a,n/a,n/a,n/a,n/a
128,3,3,512,4,4,2,2,1159.9,9.65962,10.817,8.34667,8.83158,blas_bug,n/a,n/a,n/a,30.3,n/a,n/a,n/a,n/a,n/a,n/a
256,3,3,512,4,4,2,2,2340.5,18.0571,22.3783,17.431,16.6548,blas_bug,n/a,n/a,n/a,61.7778,n/a,n/a,n/a,n/a,n/a,n/a
512,3,3,512,4,4,2,2,4681.7,37.6714,52.94,38.9923,35.14,blas_bug,n/a,n/a,n/a,122.3,n/a,n/a,n/a,n/a,n/a,n/a
32,3,3,3,8,8,2,2,7.47164,0.276549,0.279855,0.277162,0.276146,blas_bug,n/a,n/a,n/a,2.2426,n/a,n/a,n/a,n/a,n/a,n/a
64,3,3,3,8,8,2,2,14.9412,0.441395,0.447406,0.442263,0.441571,blas_bug,n/a,n/a,n/a,4.14298,n/a,n/a,n/a,n/a,n/a,n/a
128,3,3,3,8,8,2,2,29.8353,0.774303,0.792393,0.775504,0.775194,blas_bug,n/a,n/a,n/a,10.8935,n/a,n/a,n/a,n/a,n/a,n/a
256,3,3,3,8,8,2,2,59.4667,0.495837,0.527848,0.490196,0.50802,blas_bug,n/a,n/a,n/a,23.5045,n/a,n/a,n/a,n/a,n/a,n/a
512,3,3,3,8,8,2,2,118.96,0.875,0.919485,0.879789,0.896774,blas_bug,n/a,n/a,n/a,48.5636,n/a,n/a,n/a,n/a,n/a,n/a
32,3,3,32,8,8,2,2,72.8571,0.658553,0.678833,0.65643,0.633714,blas_bug,n/a,n/a,n/a,2.96059,n/a,n/a,n/a,n/a,n/a,n/a
64,3,3,32,8,8,2,2,145.625,1.08333,1.14554,1.08121,1.1147,blas_bug,n/a,n/a,n/a,6.77432,n/a,n/a,n/a,n/a,n/a,n/a
128,3,3,32,8,8,2,2,291.1,2.04163,2.07107,1.99721,1.9988,blas_bug,n/a,n/a,n/a,15.4636,n/a,n/a,n/a,n/a,n/a,n/a
256,3,3,32,8,8,2,2,582.2,3.89767,4.38684,3.83817,3.92188,blas_bug,n/a,n/a,n/a,31.6938,n/a,n/a,n/a,n/a,n/a,n/a
512,3,3,32,8,8,2,2,1165.8,7.87344,8.79474,8.11613,7.9125,blas_bug,n/a,n/a,n/a,60.4778,n/a,n/a,n/a,n/a,n/a,n/a
32,3,3,64,8,8,2,2,145.725,1.15833,1.22298,1.1508,1.18227,blas_bug,n/a,n/a,n/a,4.43451,n/a,n/a,n/a,n/a,n/a,n/a
64,3,3,64,8,8,2,2,289.2,2.13191,2.13064,2.06173,2.06653,blas_bug,n/a,n/a,n/a,10.0392,n/a,n/a,n/a,n/a,n/a,n/a
128,3,3,64,8,8,2,2,578.3,3.95984,4.2812,3.86615,3.95197,blas_bug,n/a,n/a,n/a,20.44,n/a,n/a,n/a,n/a,n/a,n/a
256,3,3,64,8,8,2,2,1169,7.95397,8.21803,8.03492,7.73231,blas_bug,n/a,n/a,n/a,42.1083,n/a,n/a,n/a,n/a,n/a,n/a
512,3,3,64,8,8,2,2,2316.9,16.0469,17.1033,15.7812,15.4333,blas_bug,n/a,n/a,n/a,84.75,n/a,n/a,n/a,n/a,n/a,n/a
32,3,3,128,8,8,2,2,288.35,2.27014,2.25225,2.24018,2.18087,blas_bug,n/a,n/a,n/a,7.27101,n/a,n/a,n/a,n/a,n/a,n/a
64,3,3,128,8,8,2,2,581,4.15207,4.25593,4.11967,3.95984,blas_bug,n/a,n/a,n/a,15.2909,n/a,n/a,n/a,n/a,n/a,n/a
128,3,3,128,8,8,2,2,1154.9,8.13548,8.29508,7.82344,7.72727,blas_bug,n/a,n/a,n/a,31.9875,n/a,n/a,n/a,n/a,n/a,n/a
256,3,3,128,8,8,2,2,2311.3,15.9344,16.6839,15.2242,15.297,blas_bug,n/a,n/a,n/a,61.1444,n/a,n/a,n/a,n/a,n/a,n/a
512,3,3,128,8,8,2,2,4677.3,31.4706,34.1067,30.7824,30.1647,blas_bug,n/a,n/a,n/a,121.28,n/a,n/a,n/a,n/a,n/a,n/a
32,3,3,256,8,8,2,2,580.5,4.52432,4.51982,4.52973,4.36522,blas_bug,n/a,n/a,n/a,13.0667,n/a,n/a,n/a,n/a,n/a,n/a
64,3,3,256,8,8,2,2,1154.3,8.19672,8.29672,8.07581,7.98254,blas_bug,n/a,n/a,n/a,26.055,n/a,n/a,n/a,n/a,n/a,n/a
128,3,3,256,8,8,2,2,2337.8,16.1452,16.2677,15.4424,15.4818,blas_bug,n/a,n/a,n/a,53.48,n/a,n/a,n/a,n/a,n/a,n/a
256,3,3,256,8,8,2,2,4622.3,31.6375,33.9267,29.8706,30.0765,blas_bug,n/a,n/a,n/a,105.98,n/a,n/a,n/a,n/a,n/a,n/a
512,3,3,256,8,8,2,2,9358.4,62.9,69.3125,61.5556,59.5111,blas_bug,n/a,n/a,n/a,210.933,n/a,n/a,n/a,n/a,n/a,n/a
32,3,3,512,8,8,2,2,1166.3,9.04464,9.50566,8.81724,8.72931,blas_bug,n/a,n/a,n/a,23.9619,n/a,n/a,n/a,n/a,n/a,n/a
64,3,3,512,8,8,2,2,2315.5,16.229,16.0719,16.0656,16.1656,blas_bug,n/a,n/a,n/a,49.2,n/a,n/a,n/a,n/a,n/a,n/a
128,3,3,512,8,8,2,2,4628,32.0562,32.7437,30.0529,30.1882,blas_bug,n/a,n/a,n/a,97.2167,n/a,n/a,n/a,n/a,n/a,n/a
256,3,3,512,8,8,2,2,9246.2,62.0556,66.4,59.8111,61.2556,blas_bug,n/a,n/a,n/a,189.8,n/a,n/a,n/a,n/a,n/a,n/a
512,3,3,512,8,8,2,2,18493.4,122.44,138.625,120.38,120.26,blas_bug,n/a,n/a,n/a,378.2,n/a,n/a,n/a,n/a,n/a,n/a
32,3,3,3,16,16,2,2,29.7118,1.09236,1.0915,1.09279,1.08677,blas_bug,n/a,n/a,n/a,7.71385,n/a,n/a,n/a,n/a,n/a,n/a
64,3,3,3,16,16,2,2,59.6667,0.833333,0.817647,0.815661,0.836622,blas_bug,n/a,n/a,n/a,16.9633,n/a,n/a,n/a,n/a,n/a,n/a
128,3,3,3,16,16,2,2,118.88,1.18673,1.21377,1.19547,1.18602,blas_bug,n/a,n/a,n/a,34.0533,n/a,n/a,n/a,n/a,n/a,n/a
256,3,3,3,16,16,2,2,237.867,2.04327,1.95312,1.93876,1.97205,blas_bug,n/a,n/a,n/a,69.25,n/a,n/a,n/a,n/a,n/a,n/a
512,3,3,3,16,16,2,2,475.7,3.75075,3.87752,3.73731,3.80227,blas_bug,n/a,n/a,n/a,137.575,n/a,n/a,n/a,n/a,n/a,n/a
32,3,3,32,16,16,2,2,291.4,2.5551,2.62031,2.55816,2.60777,blas_bug,n/a,n/a,n/a,11.7091,n/a,n/a,n/a,n/a,n/a,n/a
64,3,3,32,16,16,2,2,582.4,4.45841,4.40351,4.46964,4.36348,blas_bug,n/a,n/a,n/a,23.95,n/a,n/a,n/a,n/a,n/a,n/a
128,3,3,32,16,16,2,2,1164.4,8.12419,8.34667,8.24032,8.09194,blas_bug,n/a,n/a,n/a,48.4273,n/a,n/a,n/a,n/a,n/a,n/a
256,3,3,32,16,16,2,2,2329.1,16.0469,16.0063,16.229,16.0531,blas_bug,n/a,n/a,n/a,96.3,n/a,n/a,n/a,n/a,n/a,n/a
512,3,3,32,16,16,2,2,4662.9,31.1235,31.4125,30.3882,30.5588,blas_bug,n/a,n/a,n/a,182.333,n/a,n/a,n/a,n/a,n/a,n/a
32,3,3,64,16,16,2,2,578.7,4.89612,5.039,4.90686,4.97525,blas_bug,n/a,n/a,n/a,16.9733,n/a,n/a,n/a,n/a,n/a,n/a
64,3,3,64,16,16,2,2,1157.1,8.28361,8.89649,8.29672,8.81754,blas_bug,n/a,n/a,n/a,33.3375,n/a,n/a,n/a,n/a,n/a,n/a
128,3,3,64,16,16,2,2,2313.9,16.0531,16.325,15.5455,16.2,blas_bug,n/a,n/a,n/a,67.0875,n/a,n/a,n/a,n/a,n/a,n/a
256,3,3,64,16,16,2,2,4631.8,30.7647,30.7941,30.6,30.9176,blas_bug,n/a,n/a,n/a,129.575,n/a,n/a,n/a,n/a,n/a,n/a
512,3,3,64,16,16,2,2,9266.2,58.5556,62.1222,60.1444,60.1667,blas_bug,n/a,n/a,n/a,261.2,n/a,n/a,n/a,n/a,n/a,n/a
32,3,3,128,16,16,2,2,1153.9,9.54717,9.40926,9.15636,9.42963,blas_bug,n/a,n/a,n/a,26.5474,n/a,n/a,n/a,n/a,n/a,n/a
64,3,3,128,16,16,2,2,2307.3,16.2844,16.4097,16.4613,16.5871,blas_bug,n/a,n/a,n/a,52.6,n/a,n/a,n/a,n/a,n/a,n/a
128,3,3,128,16,16,2,2,4618.6,31.8687,32.025,30.7412,30.5471,blas_bug,n/a,n/a,n/a,102.12,n/a,n/a,n/a,n/a,n/a,n/a
256,3,3,128,16,16,2,2,9244.8,60.3111,61.6889,58.8889,58.4556,blas_bug,n/a,n/a,n/a,209.3,n/a,n/a,n/a,n/a,n/a,n/a
512,3,3,128,16,16,2,2,18496.6,117.18,121.48,116.92,117.62,blas_bug,n/a,n/a,n/a,422.55,n/a,n/a,n/a,n/a,n/a,n/a
32,3,3,256,16,16,2,2,2306.1,17.9103,18.6741,17.6138,18.35,blas_bug,n/a,n/a,n/a,46.5,n/a,n/a,n/a,n/a,n/a,n/a
64,3,3,256,16,16,2,2,4612.9,31.2875,32.7313,32.2062,32.6562,blas_bug,n/a,n/a,n/a,92.4333,n/a,n/a,n/a,n/a,n/a,n/a
128,3,3,256,16,16,2,2,9231.8,61.4111,62.1222,61.1222,61.2222,blas_bug,n/a,n/a,n/a,185.433,n/a,n/a,n/a,n/a,n/a,n/a
256,3,3,256,16,16,2,2,18465.5,123.82,123.56,119.52,119.5,blas_bug,n/a,n/a,n/a,368.5,n/a,n/a,n/a,n/a,n/a,n/a
512,3,3,256,16,16,2,2,36925.2,234.167,242.7,230.867,233.367,blas_bug,n/a,n/a,n/a,737.3,n/a,n/a,n/a,n/a,n/a,n/a
32,3,3,512,16,16,2,2,4619.1,34.52,35.2933,34.6333,35.0067,blas_bug,n/a,n/a,n/a,85.3667,n/a,n/a,n/a,n/a,n/a,n/a
64,3,3,512,16,16,2,2,9249.5,62.85,64.2625,63.1125,63.8,blas_bug,n/a,n/a,n/a,174.033,n/a,n/a,n/a,n/a,n/a,n/a
128,3,3,512,16,16,2,2,18494.9,120.86,123.2,120.48,120.32,blas_bug,n/a,n/a,n/a,344,n/a,n/a,n/a,n/a,n/a,n/a
256,3,3,512,16,16,2,2,36993.4,237.933,244.1,236.033,236.167,blas_bug,n/a,n/a,n/a,686.4,n/a,n/a,n/a,n/a,n/a,n/a
512,3,3,512,16,16,2,2,73983.2,464.2,483.2,465.25,468.6,blas_bug,n/a,n/a,n/a,1362.1,n/a,n/a,n/a,n/a,n/a,n/a
32,3,3,3,32,32,2,2,118.92,2.6288,2.49055,2.6288,2.49055,blas_bug,n/a,n/a,n/a,26.425,n/a,n/a,n/a,n/a,n/a,n/a
64,3,3,3,32,32,2,2,240.7,3.30921,3.29671,3.32914,3.29276,blas_bug,n/a,n/a,n/a,54.31,n/a,n/a,n/a,n/a,n/a,n/a
128,3,3,3,32,32,2,2,475.5,5.3957,5.20937,5.37742,5.19588,blas_bug,n/a,n/a,n/a,105.56,n/a,n/a,n/a,n/a,n/a,n/a
256,3,3,3,32,32,2,2,951.5,9.63462,8.89474,9.46604,9.27778,blas_bug,n/a,n/a,n/a,212.4,n/a,n/a,n/a,n/a,n/a,n/a
512,3,3,3,32,32,2,2,1902.8,16.7133,16.4806,16.3774,16.4129,blas_bug,n/a,n/a,n/a,424.35,n/a,n/a,n/a,n/a,n/a,n/a
32,3,3,32,32,32,2,2,1165.8,11.5932,11.1467,11.5886,11.2311,blas_bug,n/a,n/a,n/a,40.6769,n/a,n/a,n/a,n/a,n/a,n/a
64,3,3,32,32,32,2,2,2329.8,18.3036,18.4036,18.7519,18.4643,blas_bug,n/a,n/a,n/a,80.7714,n/a,n/a,n/a,n/a,n/a,n/a
128,3,3,32,32,32,2,2,4658.1,33.5,33.5125,33.5125,32.8563,blas_bug,n/a,n/a,n/a,159.575,n/a,n/a,n/a,n/a,n/a,n/a
256,3,3,32,32,32,2,2,9316.1,63.4,63.5125,63.8,63.35,blas_bug,n/a,n/a,n/a,311.95,n/a,n/a,n/a,n/a,n/a,n/a
512,3,3,32,32,32,2,2,18646.7,123.64,123.02,123.92,120.58,blas_bug,n/a,n/a,n/a,621.5,n/a,n/a,n/a,n/a,n/a,n/a
32,3,3,64,32,32,2,2,2315.1,20.316,20.74,20.004,20.4,blas_bug,n/a,n/a,n/a,59.4667,n/a,n/a,n/a,n/a,n/a,n/a
64,3,3,64,32,32,2,2,4627.2,33.8267,34.3267,34.56,34.9533,blas_bug,n/a,n/a,n/a,118.28,n/a,n/a,n/a,n/a,n/a,n/a
128,3,3,64,32,32,2,2,9255,62.5875,63.0875,64.6375,62.6125,blas_bug,n/a,n/a,n/a,235.367,n/a,n/a,n/a,n/a,n/a,n/a
256,3,3,64,32,32,2,2,18522.1,120.98,122.56,122.26,121.64,blas_bug,n/a,n/a,n/a,471.4,n/a,n/a,n/a,n/a,n/a,n/a
512,3,3,64,32,32,2,2,37077.7,235.533,238.2,235.5,233.167,blas_bug,n/a,n/a,n/a,921.8,n/a,n/a,n/a,n/a,n/a,n/a
32,3,3,128,32,32,2,2,4615,38.5077,38.9462,38.2143,38.4714,blas_bug,n/a,n/a,n/a,96.1667,n/a,n/a,n/a,n/a,n/a,n/a
64,3,3,128,32,32,2,2,9226.5,66.45,66.6375,66.5375,65.775,blas_bug,n/a,n/a,n/a,191.967,n/a,n/a,n/a,n/a,n/a,n/a
128,3,3,128,32,32,2,2,18479.5,123.1,125.55,121.8,121.76,blas_bug,n/a,n/a,n/a,382.6,n/a,n/a,n/a,n/a,n/a,n/a
256,3,3,128,32,32,2,2,36989.6,234.567,238.433,237.067,235.7,blas_bug,n/a,n/a,n/a,760.2,n/a,n/a,n/a,n/a,n/a,n/a
512,3,3,128,32,32,2,2,73987,464.95,471.15,462.45,459.05,blas_bug,n/a,n/a,n/a,1462,n/a,n/a,n/a,n/a,n/a,n/a
32,3,3,256,32,32,2,2,9226,76.1571,74.6429,74.5571,72.0571,blas_bug,n/a,n/a,n/a,173.967,n/a,n/a,n/a,n/a,n/a,n/a
64,3,3,256,32,32,2,2,18452.8,129.675,130.425,131.35,128.675,blas_bug,n/a,n/a,n/a,347.5,n/a,n/a,n/a,n/a,n/a,n/a
128,3,3,256,32,32,2,2,36926.7,243.367,244.233,242.867,242.033,blas_bug,n/a,n/a,n/a,683.5,n/a,n/a,n/a,n/a,n/a,n/a
256,3,3,256,32,32,2,2,73827.2,466.85,469.95,471.5,477.6,blas_bug,n/a,n/a,n/a,1376.7,n/a,n/a,n/a,n/a,n/a,n/a
512,3,3,256,32,32,2,2,147699,929.4,940.4,929.2,930.4,blas_bug,n/a,n/a,n/a,2717.9,n/a,n/a,n/a,n/a,n/a,n/a
32,3,3,512,32,32,2,2,18474.3,152.475,144.25,148.95,143.65,blas_bug,n/a,n/a,n/a,329.7,n/a,n/a,n/a,n/a,n/a,n/a
64,3,3,512,32,32,2,2,36982.9,255.95,261.25,257.3,260.4,blas_bug,n/a,n/a,n/a,642,n/a,n/a,n/a,n/a,n/a,n/a
128,3,3,512,32,32,2,2,73954.6,493.5,483.7,475.7,478.15,blas_bug,n/a,n/a,n/a,1281.5,n/a,n/a,n/a,n/a,n/a,n/a
256,3,3,512,32,32,2,2,147907,945.6,943.3,929.4,927.3,blas_bug,n/a,n/a,n/a,2558.1,n/a,n/a,n/a,n/a,n/a,n/a
512,3,3,512,32,32,2,2,295834,1842.2,1861.8,1841.3,1839.6,blas_bug,n/a,n/a,n/a,5102.1,n/a,n/a,n/a,n/a,n/a,n/a
32,3,3,3,64,64,2,2,481.6,11.6442,10.6596,11.7837,10.4542,blas_bug,n/a,n/a,n/a,98.3833,n/a,n/a,n/a,n/a,n/a,n/a
64,3,3,3,64,64,2,2,951.3,15.8031,14.3257,15.8594,14.0306,blas_bug,n/a,n/a,n/a,200.367,n/a,n/a,n/a,n/a,n/a,n/a
128,3,3,3,64,64,2,2,1902.4,24.5571,21.0667,25.285,20.72,blas_bug,n/a,n/a,n/a,378.85,n/a,n/a,n/a,n/a,n/a,n/a
256,3,3,3,64,64,2,2,3806.1,39.4846,36.9643,38.8231,35.0067,blas_bug,n/a,n/a,n/a,743.8,n/a,n/a,n/a,n/a,n/a,n/a
512,3,3,3,64,64,2,2,7611.7,65.575,62.9875,66.0125,63.375,blas_bug,n/a,n/a,n/a,1556.3,n/a,n/a,n/a,n/a,n/a,n/a
32,3,3,32,64,64,2,2,4664,46.2545,42.0583,46.3909,42.4083,blas_bug,n/a,n/a,n/a,153.45,n/a,n/a,n/a,n/a,n/a,n/a
64,3,3,32,64,64,2,2,9319.6,73.4286,72.0125,75.5571,72.5286,blas_bug,n/a,n/a,n/a,304.1,n/a,n/a,n/a,n/a,n/a,n/a
128,3,3,32,64,64,2,2,18632.9,134.1,127.8,133.95,128.55,blas_bug,n/a,n/a,n/a,623.6,n/a,n/a,n/a,n/a,n/a,n/a
256,3,3,32,64,64,2,2,37264.5,251.133,247.767,252.4,246.067,blas_bug,n/a,n/a,n/a,1185,n/a,n/a,n/a,n/a,n/a,n/a
512,3,3,32,64,64,2,2,74612.4,484.35,489,482.2,483.95,blas_bug,n/a,n/a,n/a,2346.2,n/a,n/a,n/a,n/a,n/a,n/a
32,3,3,64,64,64,2,2,9261,83.4667,78.0857,85.6333,78.8571,blas_bug,n/a,n/a,n/a,221.9,n/a,n/a,n/a,n/a,n/a,n/a
64,3,3,64,64,64,2,2,18512.3,138.8,135.225,136.125,136.125,blas_bug,n/a,n/a,n/a,448.95,n/a,n/a,n/a,n/a,n/a,n/a
128,3,3,64,64,64,2,2,37020.8,255.05,252.3,250.3,247.467,blas_bug,n/a,n/a,n/a,905.6,n/a,n/a,n/a,n/a,n/a,n/a
256,3,3,64,64,64,2,2,74116.2,484.5,477.65,478.95,474.65,blas_bug,n/a,n/a,n/a,1744.8,n/a,n/a,n/a,n/a,n/a,n/a
512,3,3,64,64,64,2,2,148266,943.8,943.9,943.9,936.6,blas_bug,n/a,n/a,n/a,3513.6,n/a,n/a,n/a,n/a,n/a,n/a
32,3,3,128,64,64,2,2,18461.6,154.175,144.575,161.075,143.975,blas_bug,n/a,n/a,n/a,371.7,n/a,n/a,n/a,n/a,n/a,n/a
64,3,3,128,64,64,2,2,36916.8,263.6,260.05,263.15,266.7,blas_bug,n/a,n/a,n/a,736.5,n/a,n/a,n/a,n/a,n/a,n/a
128,3,3,128,64,64,2,2,73922.4,492.55,478.7,489.3,484.8,blas_bug,n/a,n/a,n/a,1440.6,n/a,n/a,n/a,n/a,n/a,n/a
256,3,3,128,64,64,2,2,147918,947.8,941.1,932.1,947.4,blas_bug,n/a,n/a,n/a,2889.9,n/a,n/a,n/a,n/a,n/a,n/a
512,3,3,128,64,64,2,2,296000,1847.8,1852,1846.9,1858.7,blas_bug,n/a,n/a,n/a,5761.9,n/a,n/a,n/a,n/a,n/a,n/a
32,3,3,256,64,64,2,2,36898.4,315.75,288,302.2,287.55,blas_bug,n/a,n/a,n/a,682,n/a,n/a,n/a,n/a,n/a,n/a
64,3,3,256,64,64,2,2,73964.3,525.9,513.8,513.6,529.3,blas_bug,n/a,n/a,n/a,1336.4,n/a,n/a,n/a,n/a,n/a,n/a
128,3,3,256,64,64,2,2,147711,977.9,961.5,966.1,964.7,blas_bug,n/a,n/a,n/a,2652.7,n/a,n/a,n/a,n/a,n/a,n/a
256,3,3,256,64,64,2,2,295401,1872.9,1884.7,1871,1865,blas_bug,n/a,n/a,n/a,5328.9,n/a,n/a,n/a,n/a,n/a,n/a
512,3,3,256,64,64,2,2,590606,3664.8,3690.3,3690.5,3686,blas_bug,n/a,n/a,n/a,mem,n/a,n/a,n/a,n/a,n/a,n/a
32,3,3,512,64,64,2,2,mem,mem,mem,mem,mem,blas_bug,mem,mem,mem,mem,n/a,n/a,n/a,n/a,n/a,n/a
64,3,3,512,64,64,2,2,mem,mem,mem,mem,mem,blas_bug,mem,mem,mem,mem,n/a,n/a,n/a,n/a,n/a,n/a
128,3,3,512,64,64,2,2,mem,mem,mem,mem,mem,blas_bug,mem,mem,mem,mem,n/a,n/a,n/a,n/a,n/a,n/a
256,3,3,512,64,64,2,2,mem,mem,mem,mem,mem,blas_bug,mem,mem,mem,mem,n/a,n/a,n/a,n/a,n/a,n/a
512,3,3,512,64,64,2,2,mem,mem,mem,mem,mem,blas_bug,mem,mem,mem,mem,n/a,n/a,n/a,n/a,n/a,n/a
32,3,3,3,128,128,2,2,1903,49.5636,41.2154,49.8818,41.2769,blas_bug,n/a,n/a,n/a,364.55,n/a,n/a,n/a,n/a,n/a,n/a
64,3,3,3,128,128,2,2,3804.9,65.2125,56.8333,64.7,56.16,blas_bug,n/a,n/a,n/a,722.6,n/a,n/a,n/a,n/a,n/a,n/a
128,3,3,3,128,128,2,2,7609,96.5,84.85,98.6667,83.8667,blas_bug,n/a,n/a,n/a,1439.9,n/a,n/a,n/a,n/a,n/a,n/a
256,3,3,3,128,128,2,2,15224.7,155.9,141.575,155.375,140.75,blas_bug,n/a,n/a,n/a,mem,n/a,n/a,n/a,n/a,n/a,n/a
512,3,3,3,128,128,2,2,30452.4,271,250.5,267.45,256.75,blas_bug,n/a,n/a,n/a,mem,n/a,n/a,n/a,n/a,n/a,n/a
32,3,3,32,128,128,2,2,18654,181.6,169.933,182.3,168.667,blas_bug,n/a,n/a,n/a,566.3,n/a,n/a,n/a,n/a,n/a,n/a
64,3,3,32,128,128,2,2,37282.4,297.95,284.9,297.45,285.9,blas_bug,n/a,n/a,n/a,1135,n/a,n/a,n/a,n/a,n/a,n/a
128,3,3,32,128,128,2,2,74526.8,528.6,531.7,535.6,509.5,blas_bug,n/a,n/a,n/a,2237.1,n/a,n/a,n/a,n/a,n/a,n/a
256,3,3,32,128,128,2,2,149876,1000.9,989,1000.2,981,blas_bug,n/a,n/a,n/a,mem,n/a,n/a,n/a,n/a,n/a,n/a
512,3,3,32,128,128,2,2,298466,1935.7,1922.2,1923.8,1922.7,blas_bug,n/a,n/a,n/a,mem,n/a,n/a,n/a,n/a,n/a,n/a
32,3,3,64,128,128,2,2,37046.6,333.85,302.5,329.55,303.8,blas_bug,n/a,n/a,n/a,843.8,n/a,n/a,n/a,n/a,n/a,n/a
64,3,3,64,128,128,2,2,74042.3,551.4,536.7,556.9,536.2,blas_bug,n/a,n/a,n/a,1690.1,n/a,n/a,n/a,n/a,n/a,n/a
128,3,3,64,128,128,2,2,148082,1004.2,993.5,1013.4,984.3,blas_bug,n/a,n/a,n/a,mem,n/a,n/a,n/a,n/a,n/a,n/a
256,3,3,64,128,128,2,2,299308,1916.5,1909.7,1941.8,1921.9,blas_bug,n/a,n/a,n/a,mem,n/a,n/a,n/a,n/a,n/a,n/a
512,3,3,64,128,128,2,2,mem,mem,mem,mem,mem,blas_bug,mem,mem,mem,mem,n/a,n/a,n/a,n/a,n/a,n/a
32,3,3,128,128,128,2,2,mem,mem,mem,mem,mem,blas_bug,mem,mem,mem,mem,n/a,n/a,n/a,n/a,n/a,n/a
64,3,3,128,128,128,2,2,mem,mem,mem,mem,mem,blas_bug,mem,mem,mem,mem,n/a,n/a,n/a,n/a,n/a,n/a
128,3,3,128,128,128,2,2,mem,mem,mem,mem,mem,blas_bug,mem,mem,mem,mem,n/a,n/a,n/a,n/a,n/a,n/a
256,3,3,128,128,128,2,2,mem,mem,mem,mem,mem,blas_bug,mem,mem,mem,mem,n/a,n/a,n/a,n/a,n/a,n/a
512,3,3,128,128,128,2,2,mem,mem,mem,mem,mem,blas_bug,mem,mem,mem,mem,n/a,n/a,n/a,n/a,n/a,n/a
32,3,3,256,128,128,2,2,mem,mem,mem,mem,mem,blas_bug,mem,mem,mem,mem,n/a,n/a,n/a,n/a,n/a,n/a
64,3,3,256,128,128,2,2,mem,mem,mem,mem,mem,blas_bug,mem,mem,mem,mem,n/a,n/a,n/a,n/a,n/a,n/a
128,3,3,256,128,128,2,2,mem,mem,mem,mem,mem,blas_bug,mem,mem,mem,mem,n/a,n/a,n/a,n/a,n/a,n/a
256,3,3,256,128,128,2,2,mem,mem,mem,mem,mem,blas_bug,mem,mem,mem,mem,n/a,n/a,n/a,n/a,n/a,n/a
512,3,3,256,128,128,2,2,mem,mem,mem,mem,mem,blas_bug,mem,mem,mem,mem,n/a,n/a,n/a,n/a,n/a,n/a
32,3,3,512,128,128,2,2,mem,mem,mem,mem,mem,blas_bug,mem,mem,mem,mem,n/a,n/a,n/a,n/a,n/a,n/a
64,3,3,512,128,128,2,2,mem,mem,mem,mem,mem,blas_bug,mem,mem,mem,mem,n/a,n/a,n/a,n/a,n/a,n/a
128,3,3,512,128,128,2,2,mem,mem,mem,mem,mem,blas_bug,mem,mem,mem,mem,n/a,n/a,n/a,n/a,n/a,n/a
256,3,3,512,128,128,2,2,mem,mem,mem,mem,mem,blas_bug,mem,mem,mem,mem,n/a,n/a,n/a,n/a,n/a,n/a
512,3,3,512,128,128,2,2,mem,mem,mem,mem,mem,blas_bug,mem,mem,mem,mem,n/a,n/a,n/a,n/a,n/a,n/a
32,3,3,3,256,256,2,2,7612.2,202.433,167.2,200.133,165.25,blas_bug,n/a,n/a,n/a,1311.4,n/a,n/a,n/a,n/a,n/a,n/a
64,3,3,3,256,256,2,2,15220.3,253.65,222.133,254.5,221.067,blas_bug,n/a,n/a,n/a,mem,n/a,n/a,n/a,n/a,n/a,n/a
128,3,3,3,256,256,2,2,30437.5,399.2,346.45,409.1,350.15,blas_bug,n/a,n/a,n/a,mem,n/a,n/a,n/a,n/a,n/a,n/a
256,3,3,3,256,256,2,2,mem,mem,mem,mem,mem,blas_bug,mem,mem,mem,mem,n/a,n/a,n/a,n/a,n/a,n/a
512,3,3,3,256,256,2,2,mem,mem,mem,mem,mem,blas_bug,mem,mem,mem,mem,n/a,n/a,n/a,n/a,n/a,n/a
32,3,3,32,256,256,2,2,mem,mem,mem,mem,mem,blas_bug,mem,mem,mem,mem,n/a,n/a,n/a,n/a,n/a,n/a
64,3,3,32,256,256,2,2,mem,mem,mem,mem,mem,blas_bug,mem,mem,mem,mem,n/a,n/a,n/a,n/a,n/a,n/a
128,3,3,32,256,256,2,2,mem,mem,mem,mem,mem,blas_bug,mem,mem,mem,mem,n/a,n/a,n/a,n/a,n/a,n/a
256,3,3,32,256,256,2,2,mem,mem,mem,mem,mem,blas_bug,mem,mem,mem,mem,n/a,n/a,n/a,n/a,n/a,n/a
512,3,3,32,256,256,2,2,mem,mem,mem,mem,mem,blas_bug,mem,mem,mem,mem,n/a,n/a,n/a,n/a,n/a,n/a
32,3,3,64,256,256,2,2,mem,mem,mem,mem,mem,blas_bug,mem,mem,mem,mem,n/a,n/a,n/a,n/a,n/a,n/a
64,3,3,64,256,256,2,2,mem,mem,mem,mem,mem,blas_bug,mem,mem,mem,mem,n/a,n/a,n/a,n/a,n/a,n/a
128,3,3,64,256,256,2,2,mem,mem,mem,mem,mem,blas_bug,mem,mem,mem,mem,n/a,n/a,n/a,n/a,n/a,n/a
256,3,3,64,256,256,2,2,mem,mem,mem,mem,mem,blas_bug,mem,mem,mem,mem,n/a,n/a,n/a,n/a,n/a,n/a
512,3,3,64,256,256,2,2,mem,mem,mem,mem,mem,blas_bug,mem,mem,mem,mem,n/a,n/a,n/a,n/a,n/a,n/a
32,3,3,128,256,256,2,2,mem,mem,mem,mem,mem,blas_bug,mem,mem,mem,mem,n/a,n/a,n/a,n/a,n/a,n/a
64,3,3,128,256,256,2,2,mem,mem,mem,mem,mem,blas_bug,mem,mem,mem,mem,n/a,n/a,n/a,n/a,n/a,n/a
128,3,3,128,256,256,2,2,mem,mem,mem,mem,mem,blas_bug,mem,mem,mem,mem,n/a,n/a,n/a,n/a,n/a,n/a
256,3,3,128,256,256,2,2,mem,mem,mem,mem,mem,blas_bug,mem,mem,mem,mem,n/a,n/a,n/a,n/a,n/a,n/a
512,3,3,128,256,256,2,2,mem,mem,mem,mem,mem,blas_bug,mem,mem,mem,mem,n/a,n/a,n/a,n/a,n/a,n/a
32,3,3,256,256,256,2,2,mem,mem,mem,mem,mem,blas_bug,mem,mem,mem,mem,n/a,n/a,n/a,n/a,n/a,n/a
64,3,3,256,256,256,2,2,mem,mem,mem,mem,mem,blas_bug,mem,mem,mem,mem,n/a,n/a,n/a,n/a,n/a,n/a
128,3,3,256,256,256,2,2,mem,mem,mem,mem,mem,blas_bug,mem,mem,mem,mem,n/a,n/a,n/a,n/a,n/a,n/a
256,3,3,256,256,256,2,2,mem,mem,mem,mem,mem,blas_bug,mem,mem,mem,mem,n/a,n/a,n/a,n/a,n/a,n/a
512,3,3,256,256,256,2,2,mem,mem,mem,mem,mem,blas_bug,mem,mem,mem,mem,n/a,n/a,n/a,n/a,n/a,n/a
32,3,3,512,256,256,2,2,mem,mem,mem,mem,mem,blas_bug,mem,mem,mem,mem,n/a,n/a,n/a,n/a,n/a,n/a
64,3,3,512,256,256,2,2,mem,mem,mem,mem,mem,blas_bug,mem,mem,mem,mem,n/a,n/a,n/a,n/a,n/a,n/a
128,3,3,512,256,256,2,2,mem,mem,mem,mem,mem,blas_bug,mem,mem,mem,mem,n/a,n/a,n/a,n/a,n/a,n/a
256,3,3,512,256,256,2,2,mem,mem,mem,mem,mem,blas_bug,mem,mem,mem,mem,n/a,n/a,n/a,n/a,n/a,n/a
